{
  "id" : "24ccb660-1c74-11e8-909b-b12abc265234-24",
  "name" : "pharmeasy.txt",
  "createdDate" : 1519814579398,
  "version" : 3,
  "text" : "Need medicines? Think PharmEasy! Avail FLAT 25% OFF + Paytm cashback up to Rs75 on 1st medicine order! Apply code: FBR5. Valid 12Feb visit http://bit.ly/2G1G21o ",
  "docLength" : 0,
  "language" : "EN",
  "status" : "SUBMITTED",
  "modifiedDate" : 1519837253607,
  "documentSet" : [ ],
  "preannotation" : [ "PRE_SIRE" ],
  "sentences" : [ {
    "id" : "s0",
    "begin" : 0,
    "end" : 15,
    "text" : "Need medicines?",
    "tokens" : [ {
      "id" : "s0-t0",
      "begin" : 0,
      "end" : 4,
      "text" : "Need",
      "whiteSpace" : false
    }, {
      "id" : "s0-t1",
      "begin" : 5,
      "end" : 14,
      "text" : "medicines",
      "whiteSpace" : false
    }, {
      "id" : "s0-t2",
      "begin" : 14,
      "end" : 15,
      "text" : "?",
      "whiteSpace" : false
    } ]
  }, {
    "id" : "s1",
    "begin" : 16,
    "end" : 32,
    "text" : "Think PharmEasy!",
    "tokens" : [ {
      "id" : "s1-t0",
      "begin" : 16,
      "end" : 21,
      "text" : "Think",
      "whiteSpace" : false
    }, {
      "id" : "s1-t1",
      "begin" : 22,
      "end" : 31,
      "text" : "PharmEasy",
      "whiteSpace" : false
    }, {
      "id" : "s1-t2",
      "begin" : 31,
      "end" : 32,
      "text" : "!",
      "whiteSpace" : false
    } ]
  }, {
    "id" : "s2",
    "begin" : 33,
    "end" : 102,
    "text" : "Avail FLAT 25% OFF + Paytm cashback up to Rs75 on 1st medicine order!",
    "tokens" : [ {
      "id" : "s2-t0",
      "begin" : 33,
      "end" : 38,
      "text" : "Avail",
      "whiteSpace" : false
    }, {
      "id" : "s2-t1",
      "begin" : 39,
      "end" : 43,
      "text" : "FLAT",
      "whiteSpace" : false
    }, {
      "id" : "s2-t2",
      "begin" : 44,
      "end" : 46,
      "text" : "25",
      "whiteSpace" : false
    }, {
      "id" : "s2-t3",
      "begin" : 46,
      "end" : 47,
      "text" : "%",
      "whiteSpace" : false
    }, {
      "id" : "s2-t4",
      "begin" : 48,
      "end" : 51,
      "text" : "OFF",
      "whiteSpace" : false
    }, {
      "id" : "s2-t5",
      "begin" : 52,
      "end" : 53,
      "text" : "+",
      "whiteSpace" : false
    }, {
      "id" : "s2-t6",
      "begin" : 54,
      "end" : 59,
      "text" : "Paytm",
      "whiteSpace" : false
    }, {
      "id" : "s2-t7",
      "begin" : 60,
      "end" : 68,
      "text" : "cashback",
      "whiteSpace" : false
    }, {
      "id" : "s2-t8",
      "begin" : 69,
      "end" : 71,
      "text" : "up",
      "whiteSpace" : false
    }, {
      "id" : "s2-t9",
      "begin" : 72,
      "end" : 74,
      "text" : "to",
      "whiteSpace" : false
    }, {
      "id" : "s2-t10",
      "begin" : 75,
      "end" : 79,
      "text" : "Rs75",
      "whiteSpace" : false
    }, {
      "id" : "s2-t11",
      "begin" : 80,
      "end" : 82,
      "text" : "on",
      "whiteSpace" : false
    }, {
      "id" : "s2-t12",
      "begin" : 83,
      "end" : 86,
      "text" : "1st",
      "whiteSpace" : false
    }, {
      "id" : "s2-t13",
      "begin" : 87,
      "end" : 95,
      "text" : "medicine",
      "whiteSpace" : false
    }, {
      "id" : "s2-t14",
      "begin" : 96,
      "end" : 101,
      "text" : "order",
      "whiteSpace" : false
    }, {
      "id" : "s2-t15",
      "begin" : 101,
      "end" : 102,
      "text" : "!",
      "whiteSpace" : false
    } ]
  }, {
    "id" : "s3",
    "begin" : 103,
    "end" : 120,
    "text" : "Apply code: FBR5.",
    "tokens" : [ {
      "id" : "s3-t0",
      "begin" : 103,
      "end" : 108,
      "text" : "Apply",
      "whiteSpace" : false
    }, {
      "id" : "s3-t1",
      "begin" : 109,
      "end" : 113,
      "text" : "code",
      "whiteSpace" : false
    }, {
      "id" : "s3-t2",
      "begin" : 113,
      "end" : 114,
      "text" : ":",
      "whiteSpace" : false
    }, {
      "id" : "s3-t3",
      "begin" : 115,
      "end" : 119,
      "text" : "FBR5",
      "whiteSpace" : false
    }, {
      "id" : "s3-t4",
      "begin" : 119,
      "end" : 120,
      "text" : ".",
      "whiteSpace" : false
    } ]
  }, {
    "id" : "s4",
    "begin" : 121,
    "end" : 160,
    "text" : "Valid 12Feb visit http://bit.ly/2G1G21o",
    "tokens" : [ {
      "id" : "s4-t0",
      "begin" : 121,
      "end" : 126,
      "text" : "Valid",
      "whiteSpace" : false
    }, {
      "id" : "s4-t1",
      "begin" : 127,
      "end" : 132,
      "text" : "12Feb",
      "whiteSpace" : false
    }, {
      "id" : "s4-t2",
      "begin" : 133,
      "end" : 138,
      "text" : "visit",
      "whiteSpace" : false
    }, {
      "id" : "s4-t3",
      "begin" : 139,
      "end" : 160,
      "text" : "http://bit.ly/2G1G21o",
      "whiteSpace" : false
    } ]
  } ],
  "mentions" : [ {
    "id" : "s1-m1",
    "properties" : {
      "SIRE_MENTION_ROLE" : "Merchant",
      "SIRE_ENTITY_SUBTYPE" : "NONE",
      "SIRE_MENTION_TYPE" : "NONE",
      "SIRE_MENTION_CLASS" : "SPC"
    },
    "type" : "Merchant",
    "begin" : 22,
    "end" : 31,
    "inCoref" : false
  }, {
    "id" : "-M0",
    "properties" : {
      "SIRE_ENTITY_LEVEL" : "NONE",
      "SIRE_MENTION_TYPE" : "NONE",
      "SIRE_MENTION_CLASS" : "SPC",
      "SIRE_ENTITY_CLASS" : "SPC",
      "SIRE_ENTITY_SUBTYPE" : "NONE",
      "SIRE_MENTION_ROLE" : "Offer"
    },
    "type" : "Offer",
    "begin" : 39,
    "end" : 79,
    "inCoref" : false
  }, {
    "id" : "-M1",
    "properties" : {
      "SIRE_ENTITY_LEVEL" : "NONE",
      "SIRE_MENTION_TYPE" : "NONE",
      "SIRE_MENTION_CLASS" : "SPC",
      "SIRE_ENTITY_CLASS" : "SPC",
      "SIRE_ENTITY_SUBTYPE" : "NONE",
      "SIRE_MENTION_ROLE" : "Offer_Applicable"
    },
    "type" : "Offer_Applicable",
    "begin" : 80,
    "end" : 101,
    "inCoref" : false
  }, {
    "id" : "-M2",
    "properties" : {
      "SIRE_ENTITY_LEVEL" : "NONE",
      "SIRE_MENTION_TYPE" : "NONE",
      "SIRE_MENTION_CLASS" : "SPC",
      "SIRE_ENTITY_CLASS" : "SPC",
      "SIRE_ENTITY_SUBTYPE" : "NONE",
      "SIRE_MENTION_ROLE" : "Coupon_Code"
    },
    "type" : "Coupon_Code",
    "begin" : 115,
    "end" : 119,
    "inCoref" : false
  }, {
    "id" : "-M3",
    "properties" : {
      "SIRE_ENTITY_LEVEL" : "NONE",
      "SIRE_MENTION_TYPE" : "NONE",
      "SIRE_MENTION_CLASS" : "SPC",
      "SIRE_ENTITY_CLASS" : "SPC",
      "SIRE_ENTITY_SUBTYPE" : "NONE",
      "SIRE_MENTION_ROLE" : "Validity_Period"
    },
    "type" : "Validity_Period",
    "begin" : 121,
    "end" : 132,
    "inCoref" : false
  }, {
    "id" : "-M4",
    "properties" : {
      "SIRE_ENTITY_LEVEL" : "NONE",
      "SIRE_MENTION_TYPE" : "NONE",
      "SIRE_MENTION_CLASS" : "SPC",
      "SIRE_ENTITY_CLASS" : "SPC",
      "SIRE_ENTITY_SUBTYPE" : "NONE",
      "SIRE_MENTION_ROLE" : "Merchant_URL"
    },
    "type" : "Merchant_URL",
    "begin" : 139,
    "end" : 160,
    "inCoref" : false
  } ],
  "relations" : [ {
    "id" : "s2-r1",
    "properties" : { },
    "type" : "OfferisApplicable",
    "args" : [ "-M0", "-M1" ]
  } ],
  "corefs" : [ ],
  "typeResolved" : true,
  "userResolved" : false
}