{
  "id" : "24ccb660-1c74-11e8-909b-b12abc265234-38",
  "name" : "westside.txt",
  "createdDate" : 1519814579398,
  "version" : 3,
  "text" : "Clubwest Festive surprise! Shop for Rs2000 & earn 200 bonus points. Offer valid till Oct 2. Hurry! shop today from WESTSIDE's Autumn Winter 2017 collection! T&C",
  "docLength" : 0,
  "language" : "EN",
  "status" : "SUBMITTED",
  "modifiedDate" : 1519818381711,
  "documentSet" : [ ],
  "preannotation" : [ "PRE_SIRE" ],
  "sentences" : [ {
    "id" : "s0",
    "begin" : 0,
    "end" : 26,
    "text" : "Clubwest Festive surprise!",
    "tokens" : [ {
      "id" : "s0-t0",
      "begin" : 0,
      "end" : 8,
      "text" : "Clubwest",
      "whiteSpace" : false
    }, {
      "id" : "s0-t1",
      "begin" : 9,
      "end" : 16,
      "text" : "Festive",
      "whiteSpace" : false
    }, {
      "id" : "s0-t2",
      "begin" : 17,
      "end" : 25,
      "text" : "surprise",
      "whiteSpace" : false
    }, {
      "id" : "s0-t3",
      "begin" : 25,
      "end" : 26,
      "text" : "!",
      "whiteSpace" : false
    } ]
  }, {
    "id" : "s1",
    "begin" : 27,
    "end" : 67,
    "text" : "Shop for Rs2000 & earn 200 bonus points.",
    "tokens" : [ {
      "id" : "s1-t0",
      "begin" : 27,
      "end" : 31,
      "text" : "Shop",
      "whiteSpace" : false
    }, {
      "id" : "s1-t1",
      "begin" : 32,
      "end" : 35,
      "text" : "for",
      "whiteSpace" : false
    }, {
      "id" : "s1-t2",
      "begin" : 36,
      "end" : 42,
      "text" : "Rs2000",
      "whiteSpace" : false
    }, {
      "id" : "s1-t3",
      "begin" : 43,
      "end" : 44,
      "text" : "&",
      "whiteSpace" : false
    }, {
      "id" : "s1-t4",
      "begin" : 45,
      "end" : 49,
      "text" : "earn",
      "whiteSpace" : false
    }, {
      "id" : "s1-t5",
      "begin" : 50,
      "end" : 53,
      "text" : "200",
      "whiteSpace" : false
    }, {
      "id" : "s1-t6",
      "begin" : 54,
      "end" : 59,
      "text" : "bonus",
      "whiteSpace" : false
    }, {
      "id" : "s1-t7",
      "begin" : 60,
      "end" : 66,
      "text" : "points",
      "whiteSpace" : false
    }, {
      "id" : "s1-t8",
      "begin" : 66,
      "end" : 67,
      "text" : ".",
      "whiteSpace" : false
    } ]
  }, {
    "id" : "s2",
    "begin" : 68,
    "end" : 91,
    "text" : "Offer valid till Oct 2.",
    "tokens" : [ {
      "id" : "s2-t0",
      "begin" : 68,
      "end" : 73,
      "text" : "Offer",
      "whiteSpace" : false
    }, {
      "id" : "s2-t1",
      "begin" : 74,
      "end" : 79,
      "text" : "valid",
      "whiteSpace" : false
    }, {
      "id" : "s2-t2",
      "begin" : 80,
      "end" : 84,
      "text" : "till",
      "whiteSpace" : false
    }, {
      "id" : "s2-t3",
      "begin" : 85,
      "end" : 88,
      "text" : "Oct",
      "whiteSpace" : false
    }, {
      "id" : "s2-t4",
      "begin" : 89,
      "end" : 90,
      "text" : "2",
      "whiteSpace" : false
    }, {
      "id" : "s2-t5",
      "begin" : 90,
      "end" : 91,
      "text" : ".",
      "whiteSpace" : false
    } ]
  }, {
    "id" : "s3",
    "begin" : 92,
    "end" : 98,
    "text" : "Hurry!",
    "tokens" : [ {
      "id" : "s3-t0",
      "begin" : 92,
      "end" : 97,
      "text" : "Hurry",
      "whiteSpace" : false
    }, {
      "id" : "s3-t1",
      "begin" : 97,
      "end" : 98,
      "text" : "!",
      "whiteSpace" : false
    } ]
  }, {
    "id" : "s4",
    "begin" : 99,
    "end" : 156,
    "text" : "shop today from WESTSIDE's Autumn Winter 2017 collection!",
    "tokens" : [ {
      "id" : "s4-t0",
      "begin" : 99,
      "end" : 103,
      "text" : "shop",
      "whiteSpace" : false
    }, {
      "id" : "s4-t1",
      "begin" : 104,
      "end" : 109,
      "text" : "today",
      "whiteSpace" : false
    }, {
      "id" : "s4-t2",
      "begin" : 110,
      "end" : 114,
      "text" : "from",
      "whiteSpace" : false
    }, {
      "id" : "s4-t3",
      "begin" : 115,
      "end" : 123,
      "text" : "WESTSIDE",
      "whiteSpace" : false
    }, {
      "id" : "s4-t4",
      "begin" : 123,
      "end" : 125,
      "text" : "'s",
      "whiteSpace" : false
    }, {
      "id" : "s4-t5",
      "begin" : 126,
      "end" : 132,
      "text" : "Autumn",
      "whiteSpace" : false
    }, {
      "id" : "s4-t6",
      "begin" : 133,
      "end" : 139,
      "text" : "Winter",
      "whiteSpace" : false
    }, {
      "id" : "s4-t7",
      "begin" : 140,
      "end" : 144,
      "text" : "2017",
      "whiteSpace" : false
    }, {
      "id" : "s4-t8",
      "begin" : 145,
      "end" : 155,
      "text" : "collection",
      "whiteSpace" : false
    }, {
      "id" : "s4-t9",
      "begin" : 155,
      "end" : 156,
      "text" : "!",
      "whiteSpace" : false
    } ]
  }, {
    "id" : "s5",
    "begin" : 157,
    "end" : 160,
    "text" : "T&C",
    "tokens" : [ {
      "id" : "s5-t0",
      "begin" : 157,
      "end" : 160,
      "text" : "T&C",
      "whiteSpace" : false
    } ]
  } ],
  "mentions" : [ {
    "id" : "s1-m2",
    "properties" : {
      "SIRE_MENTION_ROLE" : "Offer_Applicable",
      "SIRE_ENTITY_SUBTYPE" : "NONE",
      "SIRE_MENTION_TYPE" : "NONE",
      "SIRE_MENTION_CLASS" : "SPC"
    },
    "type" : "Offer_Applicable",
    "begin" : 27,
    "end" : 42,
    "inCoref" : false
  }, {
    "id" : "s1-m3",
    "properties" : {
      "SIRE_MENTION_ROLE" : "Points",
      "SIRE_ENTITY_SUBTYPE" : "NONE",
      "SIRE_MENTION_TYPE" : "NONE",
      "SIRE_MENTION_CLASS" : "SPC"
    },
    "type" : "Points",
    "begin" : 45,
    "end" : 66,
    "inCoref" : false
  }, {
    "id" : "s2-m2",
    "properties" : {
      "SIRE_MENTION_ROLE" : "Validity_Period",
      "SIRE_ENTITY_SUBTYPE" : "NONE",
      "SIRE_MENTION_TYPE" : "NONE",
      "SIRE_MENTION_CLASS" : "SPC"
    },
    "type" : "Validity_Period",
    "begin" : 80,
    "end" : 90,
    "inCoref" : false
  }, {
    "id" : "s4-m1",
    "properties" : {
      "SIRE_MENTION_ROLE" : "Merchant",
      "SIRE_ENTITY_SUBTYPE" : "NONE",
      "SIRE_MENTION_TYPE" : "NONE",
      "SIRE_MENTION_CLASS" : "SPC"
    },
    "type" : "Merchant",
    "begin" : 115,
    "end" : 123,
    "inCoref" : false
  }, {
    "id" : "-M2",
    "properties" : {
      "SIRE_ENTITY_LEVEL" : "NONE",
      "SIRE_MENTION_TYPE" : "NONE",
      "SIRE_MENTION_CLASS" : "SPC",
      "SIRE_ENTITY_CLASS" : "SPC",
      "SIRE_ENTITY_SUBTYPE" : "NONE",
      "SIRE_MENTION_ROLE" : "Terms_Conditions"
    },
    "type" : "Terms_Conditions",
    "begin" : 157,
    "end" : 160,
    "inCoref" : false
  } ],
  "relations" : [ ],
  "corefs" : [ ],
  "typeResolved" : true,
  "userResolved" : false
}