{
  "id" : "2a0e08b0-1c59-11e8-b9e6-1925f9a60537-11",
  "name" : "reliancetrends2.txt",
  "createdDate" : 1519802991803,
  "version" : 3,
  "text" : "LAST FEW HOURS for ur Rs. 500 INSTANT OFF@TRENDS! Use codeTR22NALZXC0402& get Rs. 500 OFF on shopping of Rs. 1999 on New season collection! Shop the latest styles & earn RelianceOne pts. Ignore if used. Happy shopping! T&C ",
  "docLength" : 0,
  "language" : "EN",
  "status" : "SUBMITTED",
  "modifiedDate" : 1519835885224,
  "documentSet" : [ ],
  "preannotation" : [ ],
  "sentences" : [ {
    "id" : "s0",
    "begin" : 0,
    "end" : 49,
    "text" : "LAST FEW HOURS for ur Rs. 500 INSTANT OFF@TRENDS!",
    "tokens" : [ {
      "id" : "s0-t0",
      "begin" : 0,
      "end" : 4,
      "text" : "LAST",
      "whiteSpace" : false
    }, {
      "id" : "s0-t1",
      "begin" : 5,
      "end" : 8,
      "text" : "FEW",
      "whiteSpace" : false
    }, {
      "id" : "s0-t2",
      "begin" : 9,
      "end" : 14,
      "text" : "HOURS",
      "whiteSpace" : false
    }, {
      "id" : "s0-t3",
      "begin" : 15,
      "end" : 18,
      "text" : "for",
      "whiteSpace" : false
    }, {
      "id" : "s0-t4",
      "begin" : 19,
      "end" : 21,
      "text" : "ur",
      "whiteSpace" : false
    }, {
      "id" : "s0-t5",
      "begin" : 22,
      "end" : 25,
      "text" : "Rs.",
      "whiteSpace" : false
    }, {
      "id" : "s0-t6",
      "begin" : 26,
      "end" : 29,
      "text" : "500",
      "whiteSpace" : false
    }, {
      "id" : "s0-t7",
      "begin" : 30,
      "end" : 37,
      "text" : "INSTANT",
      "whiteSpace" : false
    }, {
      "id" : "s0-t8",
      "begin" : 38,
      "end" : 48,
      "text" : "OFF@TRENDS",
      "whiteSpace" : false
    }, {
      "id" : "s0-t9",
      "begin" : 48,
      "end" : 49,
      "text" : "!",
      "whiteSpace" : false
    } ]
  }, {
    "id" : "s1",
    "begin" : 50,
    "end" : 139,
    "text" : "Use codeTR22NALZXC0402& get Rs. 500 OFF on shopping of Rs. 1999 on New season collection!",
    "tokens" : [ {
      "id" : "s1-t0",
      "begin" : 50,
      "end" : 53,
      "text" : "Use",
      "whiteSpace" : false
    }, {
      "id" : "s1-t1",
      "begin" : 54,
      "end" : 72,
      "text" : "codeTR22NALZXC0402",
      "whiteSpace" : false
    }, {
      "id" : "s1-t2",
      "begin" : 72,
      "end" : 73,
      "text" : "&",
      "whiteSpace" : false
    }, {
      "id" : "s1-t3",
      "begin" : 74,
      "end" : 77,
      "text" : "get",
      "whiteSpace" : false
    }, {
      "id" : "s1-t4",
      "begin" : 78,
      "end" : 81,
      "text" : "Rs.",
      "whiteSpace" : false
    }, {
      "id" : "s1-t5",
      "begin" : 82,
      "end" : 85,
      "text" : "500",
      "whiteSpace" : false
    }, {
      "id" : "s1-t6",
      "begin" : 86,
      "end" : 89,
      "text" : "OFF",
      "whiteSpace" : false
    }, {
      "id" : "s1-t7",
      "begin" : 90,
      "end" : 92,
      "text" : "on",
      "whiteSpace" : false
    }, {
      "id" : "s1-t8",
      "begin" : 93,
      "end" : 101,
      "text" : "shopping",
      "whiteSpace" : false
    }, {
      "id" : "s1-t9",
      "begin" : 102,
      "end" : 104,
      "text" : "of",
      "whiteSpace" : false
    }, {
      "id" : "s1-t10",
      "begin" : 105,
      "end" : 108,
      "text" : "Rs.",
      "whiteSpace" : false
    }, {
      "id" : "s1-t11",
      "begin" : 109,
      "end" : 113,
      "text" : "1999",
      "whiteSpace" : false
    }, {
      "id" : "s1-t12",
      "begin" : 114,
      "end" : 116,
      "text" : "on",
      "whiteSpace" : false
    }, {
      "id" : "s1-t13",
      "begin" : 117,
      "end" : 120,
      "text" : "New",
      "whiteSpace" : false
    }, {
      "id" : "s1-t14",
      "begin" : 121,
      "end" : 127,
      "text" : "season",
      "whiteSpace" : false
    }, {
      "id" : "s1-t15",
      "begin" : 128,
      "end" : 138,
      "text" : "collection",
      "whiteSpace" : false
    }, {
      "id" : "s1-t16",
      "begin" : 138,
      "end" : 139,
      "text" : "!",
      "whiteSpace" : false
    } ]
  }, {
    "id" : "s2",
    "begin" : 140,
    "end" : 186,
    "text" : "Shop the latest styles & earn RelianceOne pts.",
    "tokens" : [ {
      "id" : "s2-t0",
      "begin" : 140,
      "end" : 144,
      "text" : "Shop",
      "whiteSpace" : false
    }, {
      "id" : "s2-t1",
      "begin" : 145,
      "end" : 148,
      "text" : "the",
      "whiteSpace" : false
    }, {
      "id" : "s2-t2",
      "begin" : 149,
      "end" : 155,
      "text" : "latest",
      "whiteSpace" : false
    }, {
      "id" : "s2-t3",
      "begin" : 156,
      "end" : 162,
      "text" : "styles",
      "whiteSpace" : false
    }, {
      "id" : "s2-t4",
      "begin" : 163,
      "end" : 164,
      "text" : "&",
      "whiteSpace" : false
    }, {
      "id" : "s2-t5",
      "begin" : 165,
      "end" : 169,
      "text" : "earn",
      "whiteSpace" : false
    }, {
      "id" : "s2-t6",
      "begin" : 170,
      "end" : 181,
      "text" : "RelianceOne",
      "whiteSpace" : false
    }, {
      "id" : "s2-t7",
      "begin" : 182,
      "end" : 185,
      "text" : "pts",
      "whiteSpace" : false
    }, {
      "id" : "s2-t8",
      "begin" : 185,
      "end" : 186,
      "text" : ".",
      "whiteSpace" : false
    } ]
  }, {
    "id" : "s3",
    "begin" : 187,
    "end" : 202,
    "text" : "Ignore if used.",
    "tokens" : [ {
      "id" : "s3-t0",
      "begin" : 187,
      "end" : 193,
      "text" : "Ignore",
      "whiteSpace" : false
    }, {
      "id" : "s3-t1",
      "begin" : 194,
      "end" : 196,
      "text" : "if",
      "whiteSpace" : false
    }, {
      "id" : "s3-t2",
      "begin" : 197,
      "end" : 201,
      "text" : "used",
      "whiteSpace" : false
    }, {
      "id" : "s3-t3",
      "begin" : 201,
      "end" : 202,
      "text" : ".",
      "whiteSpace" : false
    } ]
  }, {
    "id" : "s4",
    "begin" : 203,
    "end" : 218,
    "text" : "Happy shopping!",
    "tokens" : [ {
      "id" : "s4-t0",
      "begin" : 203,
      "end" : 208,
      "text" : "Happy",
      "whiteSpace" : false
    }, {
      "id" : "s4-t1",
      "begin" : 209,
      "end" : 217,
      "text" : "shopping",
      "whiteSpace" : false
    }, {
      "id" : "s4-t2",
      "begin" : 217,
      "end" : 218,
      "text" : "!",
      "whiteSpace" : false
    } ]
  }, {
    "id" : "s5",
    "begin" : 219,
    "end" : 222,
    "text" : "T&C",
    "tokens" : [ {
      "id" : "s5-t0",
      "begin" : 219,
      "end" : 222,
      "text" : "T&C",
      "whiteSpace" : false
    } ]
  } ],
  "mentions" : [ {
    "id" : "s0-m1",
    "properties" : {
      "SIRE_MENTION_ROLE" : "Offer",
      "SIRE_ENTITY_SUBTYPE" : "NONE",
      "SIRE_MENTION_TYPE" : "NONE",
      "SIRE_MENTION_CLASS" : "SPC"
    },
    "type" : "Offer",
    "begin" : 22,
    "end" : 48,
    "inCoref" : false
  }, {
    "id" : "s1-m1",
    "properties" : {
      "SIRE_MENTION_ROLE" : "Coupon_Code",
      "SIRE_ENTITY_SUBTYPE" : "NONE",
      "SIRE_MENTION_TYPE" : "NONE",
      "SIRE_MENTION_CLASS" : "SPC"
    },
    "type" : "Coupon_Code",
    "begin" : 54,
    "end" : 72,
    "inCoref" : false
  }, {
    "id" : "s1-m2",
    "properties" : {
      "SIRE_MENTION_ROLE" : "Offer",
      "SIRE_ENTITY_SUBTYPE" : "NONE",
      "SIRE_MENTION_TYPE" : "NONE",
      "SIRE_MENTION_CLASS" : "SPC"
    },
    "type" : "Offer",
    "begin" : 74,
    "end" : 89,
    "inCoref" : false
  }, {
    "id" : "s1-m3",
    "properties" : {
      "SIRE_MENTION_ROLE" : "Offer_Applicable",
      "SIRE_ENTITY_SUBTYPE" : "NONE",
      "SIRE_MENTION_TYPE" : "NONE",
      "SIRE_MENTION_CLASS" : "SPC"
    },
    "type" : "Offer_Applicable",
    "begin" : 90,
    "end" : 138,
    "inCoref" : false
  }, {
    "id" : "s2-m1",
    "properties" : {
      "SIRE_MENTION_ROLE" : "Merchant",
      "SIRE_ENTITY_SUBTYPE" : "NONE",
      "SIRE_MENTION_TYPE" : "NONE",
      "SIRE_MENTION_CLASS" : "SPC"
    },
    "type" : "Merchant",
    "begin" : 170,
    "end" : 181,
    "inCoref" : false
  }, {
    "id" : "s2-m2",
    "properties" : {
      "SIRE_MENTION_ROLE" : "Points",
      "SIRE_ENTITY_SUBTYPE" : "NONE",
      "SIRE_MENTION_TYPE" : "NONE",
      "SIRE_MENTION_CLASS" : "SPC"
    },
    "type" : "Points",
    "begin" : 182,
    "end" : 185,
    "inCoref" : false
  }, {
    "id" : "s5-m1",
    "properties" : {
      "SIRE_MENTION_ROLE" : "Terms_Conditions",
      "SIRE_ENTITY_SUBTYPE" : "NONE",
      "SIRE_MENTION_TYPE" : "NONE",
      "SIRE_MENTION_CLASS" : "SPC"
    },
    "type" : "Terms_Conditions",
    "begin" : 219,
    "end" : 222,
    "inCoref" : false
  } ],
  "relations" : [ {
    "id" : "s1-r1",
    "properties" : { },
    "type" : "OfferisApplicable",
    "args" : [ "s1-m2", "s1-m3" ]
  }, {
    "id" : "s1-r2",
    "properties" : { },
    "type" : "OfferhasCouponCode",
    "args" : [ "s1-m2", "s1-m1" ]
  } ],
  "corefs" : [ ],
  "typeResolved" : true,
  "userResolved" : false
}