{
  "id" : "2a0e08b0-1c59-11e8-b9e6-1925f9a60537-4",
  "name" : "markspencer.txt",
  "createdDate" : 1519802991803,
  "version" : 3,
  "text" : "Marks & Spencer END OF SEASON Sale Continues. UPTO 70% OFF! Adnl 10% cashback on Axis Bank & HSBC Cards. Rush to your nearest M&S store. ONLY FEW DAYS LEFT. T&C ",
  "docLength" : 0,
  "language" : "EN",
  "status" : "SUBMITTED",
  "modifiedDate" : 1519835741696,
  "documentSet" : [ ],
  "preannotation" : [ ],
  "sentences" : [ {
    "id" : "s0",
    "begin" : 0,
    "end" : 45,
    "text" : "Marks & Spencer END OF SEASON Sale Continues.",
    "tokens" : [ {
      "id" : "s0-t0",
      "begin" : 0,
      "end" : 5,
      "text" : "Marks",
      "whiteSpace" : false
    }, {
      "id" : "s0-t1",
      "begin" : 6,
      "end" : 7,
      "text" : "&",
      "whiteSpace" : false
    }, {
      "id" : "s0-t2",
      "begin" : 8,
      "end" : 15,
      "text" : "Spencer",
      "whiteSpace" : false
    }, {
      "id" : "s0-t3",
      "begin" : 16,
      "end" : 19,
      "text" : "END",
      "whiteSpace" : false
    }, {
      "id" : "s0-t4",
      "begin" : 20,
      "end" : 22,
      "text" : "OF",
      "whiteSpace" : false
    }, {
      "id" : "s0-t5",
      "begin" : 23,
      "end" : 29,
      "text" : "SEASON",
      "whiteSpace" : false
    }, {
      "id" : "s0-t6",
      "begin" : 30,
      "end" : 34,
      "text" : "Sale",
      "whiteSpace" : false
    }, {
      "id" : "s0-t7",
      "begin" : 35,
      "end" : 44,
      "text" : "Continues",
      "whiteSpace" : false
    }, {
      "id" : "s0-t8",
      "begin" : 44,
      "end" : 45,
      "text" : ".",
      "whiteSpace" : false
    } ]
  }, {
    "id" : "s1",
    "begin" : 46,
    "end" : 59,
    "text" : "UPTO 70% OFF!",
    "tokens" : [ {
      "id" : "s1-t0",
      "begin" : 46,
      "end" : 50,
      "text" : "UPTO",
      "whiteSpace" : false
    }, {
      "id" : "s1-t1",
      "begin" : 51,
      "end" : 53,
      "text" : "70",
      "whiteSpace" : false
    }, {
      "id" : "s1-t2",
      "begin" : 53,
      "end" : 54,
      "text" : "%",
      "whiteSpace" : false
    }, {
      "id" : "s1-t3",
      "begin" : 55,
      "end" : 58,
      "text" : "OFF",
      "whiteSpace" : false
    }, {
      "id" : "s1-t4",
      "begin" : 58,
      "end" : 59,
      "text" : "!",
      "whiteSpace" : false
    } ]
  }, {
    "id" : "s2",
    "begin" : 60,
    "end" : 104,
    "text" : "Adnl 10% cashback on Axis Bank & HSBC Cards.",
    "tokens" : [ {
      "id" : "s2-t0",
      "begin" : 60,
      "end" : 64,
      "text" : "Adnl",
      "whiteSpace" : false
    }, {
      "id" : "s2-t1",
      "begin" : 65,
      "end" : 67,
      "text" : "10",
      "whiteSpace" : false
    }, {
      "id" : "s2-t2",
      "begin" : 67,
      "end" : 68,
      "text" : "%",
      "whiteSpace" : false
    }, {
      "id" : "s2-t3",
      "begin" : 69,
      "end" : 77,
      "text" : "cashback",
      "whiteSpace" : false
    }, {
      "id" : "s2-t4",
      "begin" : 78,
      "end" : 80,
      "text" : "on",
      "whiteSpace" : false
    }, {
      "id" : "s2-t5",
      "begin" : 81,
      "end" : 85,
      "text" : "Axis",
      "whiteSpace" : false
    }, {
      "id" : "s2-t6",
      "begin" : 86,
      "end" : 90,
      "text" : "Bank",
      "whiteSpace" : false
    }, {
      "id" : "s2-t7",
      "begin" : 91,
      "end" : 92,
      "text" : "&",
      "whiteSpace" : false
    }, {
      "id" : "s2-t8",
      "begin" : 93,
      "end" : 97,
      "text" : "HSBC",
      "whiteSpace" : false
    }, {
      "id" : "s2-t9",
      "begin" : 98,
      "end" : 103,
      "text" : "Cards",
      "whiteSpace" : false
    }, {
      "id" : "s2-t10",
      "begin" : 103,
      "end" : 104,
      "text" : ".",
      "whiteSpace" : false
    } ]
  }, {
    "id" : "s3",
    "begin" : 105,
    "end" : 136,
    "text" : "Rush to your nearest M&S store.",
    "tokens" : [ {
      "id" : "s3-t0",
      "begin" : 105,
      "end" : 109,
      "text" : "Rush",
      "whiteSpace" : false
    }, {
      "id" : "s3-t1",
      "begin" : 110,
      "end" : 112,
      "text" : "to",
      "whiteSpace" : false
    }, {
      "id" : "s3-t2",
      "begin" : 113,
      "end" : 117,
      "text" : "your",
      "whiteSpace" : false
    }, {
      "id" : "s3-t3",
      "begin" : 118,
      "end" : 125,
      "text" : "nearest",
      "whiteSpace" : false
    }, {
      "id" : "s3-t4",
      "begin" : 126,
      "end" : 129,
      "text" : "M&S",
      "whiteSpace" : false
    }, {
      "id" : "s3-t5",
      "begin" : 130,
      "end" : 135,
      "text" : "store",
      "whiteSpace" : false
    }, {
      "id" : "s3-t6",
      "begin" : 135,
      "end" : 136,
      "text" : ".",
      "whiteSpace" : false
    } ]
  }, {
    "id" : "s4",
    "begin" : 137,
    "end" : 156,
    "text" : "ONLY FEW DAYS LEFT.",
    "tokens" : [ {
      "id" : "s4-t0",
      "begin" : 137,
      "end" : 141,
      "text" : "ONLY",
      "whiteSpace" : false
    }, {
      "id" : "s4-t1",
      "begin" : 142,
      "end" : 145,
      "text" : "FEW",
      "whiteSpace" : false
    }, {
      "id" : "s4-t2",
      "begin" : 146,
      "end" : 150,
      "text" : "DAYS",
      "whiteSpace" : false
    }, {
      "id" : "s4-t3",
      "begin" : 151,
      "end" : 155,
      "text" : "LEFT",
      "whiteSpace" : false
    }, {
      "id" : "s4-t4",
      "begin" : 155,
      "end" : 156,
      "text" : ".",
      "whiteSpace" : false
    } ]
  }, {
    "id" : "s5",
    "begin" : 157,
    "end" : 160,
    "text" : "T&C",
    "tokens" : [ {
      "id" : "s5-t0",
      "begin" : 157,
      "end" : 160,
      "text" : "T&C",
      "whiteSpace" : false
    } ]
  } ],
  "mentions" : [ {
    "id" : "s0-m1",
    "properties" : {
      "SIRE_MENTION_ROLE" : "Merchant",
      "SIRE_ENTITY_SUBTYPE" : "NONE",
      "SIRE_MENTION_TYPE" : "NONE",
      "SIRE_MENTION_CLASS" : "SPC"
    },
    "type" : "Merchant",
    "begin" : 0,
    "end" : 15,
    "inCoref" : false
  }, {
    "id" : "s1-m1",
    "properties" : {
      "SIRE_MENTION_ROLE" : "Offer",
      "SIRE_ENTITY_SUBTYPE" : "NONE",
      "SIRE_MENTION_TYPE" : "NONE",
      "SIRE_MENTION_CLASS" : "SPC"
    },
    "type" : "Offer",
    "begin" : 46,
    "end" : 58,
    "inCoref" : false
  }, {
    "id" : "s2-m1",
    "properties" : {
      "SIRE_MENTION_ROLE" : "Offer",
      "SIRE_ENTITY_SUBTYPE" : "NONE",
      "SIRE_MENTION_TYPE" : "NONE",
      "SIRE_MENTION_CLASS" : "SPC"
    },
    "type" : "Offer",
    "begin" : 60,
    "end" : 77,
    "inCoref" : false
  }, {
    "id" : "s2-m2",
    "properties" : {
      "SIRE_MENTION_ROLE" : "Offer_Applicable",
      "SIRE_ENTITY_SUBTYPE" : "NONE",
      "SIRE_MENTION_TYPE" : "NONE",
      "SIRE_MENTION_CLASS" : "SPC"
    },
    "type" : "Offer_Applicable",
    "begin" : 81,
    "end" : 103,
    "inCoref" : false
  }, {
    "id" : "s4-m1",
    "properties" : {
      "SIRE_MENTION_ROLE" : "Validity_Period",
      "SIRE_ENTITY_SUBTYPE" : "NONE",
      "SIRE_MENTION_TYPE" : "NONE",
      "SIRE_MENTION_CLASS" : "SPC"
    },
    "type" : "Validity_Period",
    "begin" : 137,
    "end" : 155,
    "inCoref" : false
  }, {
    "id" : "s5-m1",
    "properties" : {
      "SIRE_MENTION_ROLE" : "Terms_Conditions",
      "SIRE_ENTITY_SUBTYPE" : "NONE",
      "SIRE_MENTION_TYPE" : "NONE",
      "SIRE_MENTION_CLASS" : "SPC"
    },
    "type" : "Terms_Conditions",
    "begin" : 157,
    "end" : 160,
    "inCoref" : false
  } ],
  "relations" : [ {
    "id" : "s2-r1",
    "properties" : { },
    "type" : "OfferisApplicable",
    "args" : [ "s2-m1", "s2-m2" ]
  } ],
  "corefs" : [ ],
  "typeResolved" : true,
  "userResolved" : false
}