{
  "id" : "2a0e08b0-1c59-11e8-b9e6-1925f9a60537-2",
  "name" : "myntra3.txt",
  "createdDate" : 1519802991803,
  "version" : 3,
  "text" : "Here's Rs.300 For You! Shop the Best of Styles & Brands With BIGGER DISCOUNTS From 7pm-Midnight Shop NOW & enjoy Free Shipping! http://smsd.in/mqUhLXIb ",
  "docLength" : 0,
  "language" : "EN",
  "status" : "SUBMITTED",
  "modifiedDate" : 1519803650991,
  "documentSet" : [ ],
  "preannotation" : [ ],
  "sentences" : [ {
    "id" : "s0",
    "begin" : 0,
    "end" : 22,
    "text" : "Here's Rs.300 For You!",
    "tokens" : [ {
      "id" : "s0-t0",
      "begin" : 0,
      "end" : 4,
      "text" : "Here",
      "whiteSpace" : false
    }, {
      "id" : "s0-t1",
      "begin" : 4,
      "end" : 6,
      "text" : "'s",
      "whiteSpace" : false
    }, {
      "id" : "s0-t2",
      "begin" : 7,
      "end" : 13,
      "text" : "Rs.300",
      "whiteSpace" : false
    }, {
      "id" : "s0-t3",
      "begin" : 14,
      "end" : 17,
      "text" : "For",
      "whiteSpace" : false
    }, {
      "id" : "s0-t4",
      "begin" : 18,
      "end" : 21,
      "text" : "You",
      "whiteSpace" : false
    }, {
      "id" : "s0-t5",
      "begin" : 21,
      "end" : 22,
      "text" : "!",
      "whiteSpace" : false
    } ]
  }, {
    "id" : "s1",
    "begin" : 23,
    "end" : 127,
    "text" : "Shop the Best of Styles & Brands With BIGGER DISCOUNTS From 7pm-Midnight Shop NOW & enjoy Free Shipping!",
    "tokens" : [ {
      "id" : "s1-t0",
      "begin" : 23,
      "end" : 27,
      "text" : "Shop",
      "whiteSpace" : false
    }, {
      "id" : "s1-t1",
      "begin" : 28,
      "end" : 31,
      "text" : "the",
      "whiteSpace" : false
    }, {
      "id" : "s1-t2",
      "begin" : 32,
      "end" : 36,
      "text" : "Best",
      "whiteSpace" : false
    }, {
      "id" : "s1-t3",
      "begin" : 37,
      "end" : 39,
      "text" : "of",
      "whiteSpace" : false
    }, {
      "id" : "s1-t4",
      "begin" : 40,
      "end" : 46,
      "text" : "Styles",
      "whiteSpace" : false
    }, {
      "id" : "s1-t5",
      "begin" : 47,
      "end" : 48,
      "text" : "&",
      "whiteSpace" : false
    }, {
      "id" : "s1-t6",
      "begin" : 49,
      "end" : 55,
      "text" : "Brands",
      "whiteSpace" : false
    }, {
      "id" : "s1-t7",
      "begin" : 56,
      "end" : 60,
      "text" : "With",
      "whiteSpace" : false
    }, {
      "id" : "s1-t8",
      "begin" : 61,
      "end" : 67,
      "text" : "BIGGER",
      "whiteSpace" : false
    }, {
      "id" : "s1-t9",
      "begin" : 68,
      "end" : 77,
      "text" : "DISCOUNTS",
      "whiteSpace" : false
    }, {
      "id" : "s1-t10",
      "begin" : 78,
      "end" : 82,
      "text" : "From",
      "whiteSpace" : false
    }, {
      "id" : "s1-t11",
      "begin" : 83,
      "end" : 86,
      "text" : "7pm",
      "whiteSpace" : false
    }, {
      "id" : "s1-t12",
      "begin" : 86,
      "end" : 87,
      "text" : "-",
      "whiteSpace" : false
    }, {
      "id" : "s1-t13",
      "begin" : 87,
      "end" : 95,
      "text" : "Midnight",
      "whiteSpace" : false
    }, {
      "id" : "s1-t14",
      "begin" : 96,
      "end" : 100,
      "text" : "Shop",
      "whiteSpace" : false
    }, {
      "id" : "s1-t15",
      "begin" : 101,
      "end" : 104,
      "text" : "NOW",
      "whiteSpace" : false
    }, {
      "id" : "s1-t16",
      "begin" : 105,
      "end" : 106,
      "text" : "&",
      "whiteSpace" : false
    }, {
      "id" : "s1-t17",
      "begin" : 107,
      "end" : 112,
      "text" : "enjoy",
      "whiteSpace" : false
    }, {
      "id" : "s1-t18",
      "begin" : 113,
      "end" : 117,
      "text" : "Free",
      "whiteSpace" : false
    }, {
      "id" : "s1-t19",
      "begin" : 118,
      "end" : 126,
      "text" : "Shipping",
      "whiteSpace" : false
    }, {
      "id" : "s1-t20",
      "begin" : 126,
      "end" : 127,
      "text" : "!",
      "whiteSpace" : false
    } ]
  }, {
    "id" : "s2",
    "begin" : 128,
    "end" : 151,
    "text" : "http://smsd.in/mqUhLXIb",
    "tokens" : [ {
      "id" : "s2-t0",
      "begin" : 128,
      "end" : 151,
      "text" : "http://smsd.in/mqUhLXIb",
      "whiteSpace" : false
    } ]
  } ],
  "mentions" : [ {
    "id" : "s1-m1",
    "properties" : {
      "SIRE_MENTION_ROLE" : "Offer",
      "SIRE_ENTITY_SUBTYPE" : "NONE",
      "SIRE_MENTION_TYPE" : "NONE",
      "SIRE_MENTION_CLASS" : "SPC"
    },
    "type" : "Offer",
    "begin" : 61,
    "end" : 95,
    "inCoref" : false
  }, {
    "id" : "s2-m1",
    "properties" : {
      "SIRE_MENTION_ROLE" : "Merchant_URL",
      "SIRE_ENTITY_SUBTYPE" : "NONE",
      "SIRE_MENTION_TYPE" : "NONE",
      "SIRE_MENTION_CLASS" : "SPC"
    },
    "type" : "Merchant_URL",
    "begin" : 128,
    "end" : 151,
    "inCoref" : false
  } ],
  "relations" : [ ],
  "corefs" : [ ],
  "typeResolved" : true,
  "userResolved" : false
}