{
  "id" : "395bee40-1ba5-11e8-9fc9-bda4a349c681-4",
  "name" : "eve_store.txt",
  "createdDate" : 1519725708068,
  "version" : 3,
  "text" : "Time to treat your tresses @ Bounce salon. 50% off on hair color + hair smoothening @ 4999 @ Project Eve, Phoenix Marketcity. Call 044-66650338 ",
  "docLength" : 0,
  "language" : "EN",
  "status" : "SUBMITTED",
  "modifiedDate" : 1519833931649,
  "documentSet" : [ ],
  "preannotation" : [ ],
  "sentences" : [ {
    "id" : "s0",
    "begin" : 0,
    "end" : 42,
    "text" : "Time to treat your tresses @ Bounce salon.",
    "tokens" : [ {
      "id" : "s0-t0",
      "begin" : 0,
      "end" : 4,
      "text" : "Time",
      "whiteSpace" : false
    }, {
      "id" : "s0-t1",
      "begin" : 5,
      "end" : 7,
      "text" : "to",
      "whiteSpace" : false
    }, {
      "id" : "s0-t2",
      "begin" : 8,
      "end" : 13,
      "text" : "treat",
      "whiteSpace" : false
    }, {
      "id" : "s0-t3",
      "begin" : 14,
      "end" : 18,
      "text" : "your",
      "whiteSpace" : false
    }, {
      "id" : "s0-t4",
      "begin" : 19,
      "end" : 26,
      "text" : "tresses",
      "whiteSpace" : false
    }, {
      "id" : "s0-t5",
      "begin" : 27,
      "end" : 28,
      "text" : "@",
      "whiteSpace" : false
    }, {
      "id" : "s0-t6",
      "begin" : 29,
      "end" : 35,
      "text" : "Bounce",
      "whiteSpace" : false
    }, {
      "id" : "s0-t7",
      "begin" : 36,
      "end" : 41,
      "text" : "salon",
      "whiteSpace" : false
    }, {
      "id" : "s0-t8",
      "begin" : 41,
      "end" : 42,
      "text" : ".",
      "whiteSpace" : false
    } ]
  }, {
    "id" : "s1",
    "begin" : 43,
    "end" : 125,
    "text" : "50% off on hair color + hair smoothening @ 4999 @ Project Eve, Phoenix Marketcity.",
    "tokens" : [ {
      "id" : "s1-t0",
      "begin" : 43,
      "end" : 45,
      "text" : "50",
      "whiteSpace" : false
    }, {
      "id" : "s1-t1",
      "begin" : 45,
      "end" : 46,
      "text" : "%",
      "whiteSpace" : false
    }, {
      "id" : "s1-t2",
      "begin" : 47,
      "end" : 50,
      "text" : "off",
      "whiteSpace" : false
    }, {
      "id" : "s1-t3",
      "begin" : 51,
      "end" : 53,
      "text" : "on",
      "whiteSpace" : false
    }, {
      "id" : "s1-t4",
      "begin" : 54,
      "end" : 58,
      "text" : "hair",
      "whiteSpace" : false
    }, {
      "id" : "s1-t5",
      "begin" : 59,
      "end" : 64,
      "text" : "color",
      "whiteSpace" : false
    }, {
      "id" : "s1-t6",
      "begin" : 65,
      "end" : 66,
      "text" : "+",
      "whiteSpace" : false
    }, {
      "id" : "s1-t7",
      "begin" : 67,
      "end" : 71,
      "text" : "hair",
      "whiteSpace" : false
    }, {
      "id" : "s1-t8",
      "begin" : 72,
      "end" : 83,
      "text" : "smoothening",
      "whiteSpace" : false
    }, {
      "id" : "s1-t9",
      "begin" : 84,
      "end" : 85,
      "text" : "@",
      "whiteSpace" : false
    }, {
      "id" : "s1-t10",
      "begin" : 86,
      "end" : 90,
      "text" : "4999",
      "whiteSpace" : false
    }, {
      "id" : "s1-t11",
      "begin" : 91,
      "end" : 92,
      "text" : "@",
      "whiteSpace" : false
    }, {
      "id" : "s1-t12",
      "begin" : 93,
      "end" : 100,
      "text" : "Project",
      "whiteSpace" : false
    }, {
      "id" : "s1-t13",
      "begin" : 101,
      "end" : 104,
      "text" : "Eve",
      "whiteSpace" : false
    }, {
      "id" : "s1-t14",
      "begin" : 104,
      "end" : 105,
      "text" : ",",
      "whiteSpace" : false
    }, {
      "id" : "s1-t15",
      "begin" : 106,
      "end" : 113,
      "text" : "Phoenix",
      "whiteSpace" : false
    }, {
      "id" : "s1-t16",
      "begin" : 114,
      "end" : 124,
      "text" : "Marketcity",
      "whiteSpace" : false
    }, {
      "id" : "s1-t17",
      "begin" : 124,
      "end" : 125,
      "text" : ".",
      "whiteSpace" : false
    } ]
  }, {
    "id" : "s2",
    "begin" : 126,
    "end" : 143,
    "text" : "Call 044-66650338",
    "tokens" : [ {
      "id" : "s2-t0",
      "begin" : 126,
      "end" : 130,
      "text" : "Call",
      "whiteSpace" : false
    }, {
      "id" : "s2-t1",
      "begin" : 131,
      "end" : 143,
      "text" : "044-66650338",
      "whiteSpace" : false
    } ]
  } ],
  "mentions" : [ {
    "id" : "s1-m1",
    "properties" : {
      "SIRE_MENTION_ROLE" : "Offer",
      "SIRE_ENTITY_SUBTYPE" : "NONE",
      "SIRE_MENTION_TYPE" : "NONE",
      "SIRE_MENTION_CLASS" : "SPC"
    },
    "type" : "Offer",
    "begin" : 43,
    "end" : 90,
    "inCoref" : false
  }, {
    "id" : "s1-m2",
    "properties" : {
      "SIRE_MENTION_ROLE" : "Merchant",
      "SIRE_ENTITY_SUBTYPE" : "NONE",
      "SIRE_MENTION_TYPE" : "NONE",
      "SIRE_MENTION_CLASS" : "SPC"
    },
    "type" : "Merchant",
    "begin" : 93,
    "end" : 104,
    "inCoref" : false
  }, {
    "id" : "s1-m3",
    "properties" : {
      "SIRE_MENTION_ROLE" : "Offer_Branch",
      "SIRE_ENTITY_SUBTYPE" : "NONE",
      "SIRE_MENTION_TYPE" : "NONE",
      "SIRE_MENTION_CLASS" : "SPC"
    },
    "type" : "Offer_Branch",
    "begin" : 106,
    "end" : 124,
    "inCoref" : false
  }, {
    "id" : "s2-m1",
    "properties" : {
      "SIRE_MENTION_ROLE" : "Merchant_Phone",
      "SIRE_ENTITY_SUBTYPE" : "NONE",
      "SIRE_MENTION_TYPE" : "NONE",
      "SIRE_MENTION_CLASS" : "SPC"
    },
    "type" : "Merchant_Phone",
    "begin" : 131,
    "end" : 143,
    "inCoref" : false
  } ],
  "relations" : [ {
    "id" : "s1-r1",
    "properties" : { },
    "type" : "MerchantgivesOffer",
    "args" : [ "s1-m2", "s1-m1" ]
  } ],
  "corefs" : [ ],
  "typeResolved" : true,
  "userResolved" : false
}