{
  "id" : "0db20180-33bb-11e7-98ea-6f6ada5fce3b-0",
  "name" : "msg_2.txt",
  "version" : 3,
  "text" : "Celebrate love with the new Galaxy S7 edge. Buy S7 edge now to get Gear IconX@50% discount, 10% CASHBACK & more. Click resu.io/VD9ZGAJQFxg to know.TnCapply",
  "docLength" : 0,
  "language" : "EN",
  "status" : "SUBMITTED",
  "modifiedDate" : 1494226765087,
  "documentSet" : [ ],
  "preannotation" : [ ],
  "sentences" : [ {
    "id" : "s0",
    "begin" : 0,
    "end" : 43,
    "text" : "Celebrate love with the new Galaxy S7 edge.",
    "tokens" : [ {
      "id" : "s0-t0",
      "begin" : 0,
      "end" : 9,
      "text" : "Celebrate",
      "whiteSpace" : false
    }, {
      "id" : "s0-t1",
      "begin" : 10,
      "end" : 14,
      "text" : "love",
      "whiteSpace" : false
    }, {
      "id" : "s0-t2",
      "begin" : 15,
      "end" : 19,
      "text" : "with",
      "whiteSpace" : false
    }, {
      "id" : "s0-t3",
      "begin" : 20,
      "end" : 23,
      "text" : "the",
      "whiteSpace" : false
    }, {
      "id" : "s0-t4",
      "begin" : 24,
      "end" : 27,
      "text" : "new",
      "whiteSpace" : false
    }, {
      "id" : "s0-t5",
      "begin" : 28,
      "end" : 34,
      "text" : "Galaxy",
      "whiteSpace" : false
    }, {
      "id" : "s0-t6",
      "begin" : 35,
      "end" : 37,
      "text" : "S7",
      "whiteSpace" : false
    }, {
      "id" : "s0-t7",
      "begin" : 38,
      "end" : 42,
      "text" : "edge",
      "whiteSpace" : false
    }, {
      "id" : "s0-t8",
      "begin" : 42,
      "end" : 43,
      "text" : ".",
      "whiteSpace" : false
    } ]
  }, {
    "id" : "s1",
    "begin" : 44,
    "end" : 112,
    "text" : "Buy S7 edge now to get Gear IconX@50% discount, 10% CASHBACK & more.",
    "tokens" : [ {
      "id" : "s1-t0",
      "begin" : 44,
      "end" : 47,
      "text" : "Buy",
      "whiteSpace" : false
    }, {
      "id" : "s1-t1",
      "begin" : 48,
      "end" : 50,
      "text" : "S7",
      "whiteSpace" : false
    }, {
      "id" : "s1-t2",
      "begin" : 51,
      "end" : 55,
      "text" : "edge",
      "whiteSpace" : false
    }, {
      "id" : "s1-t3",
      "begin" : 56,
      "end" : 59,
      "text" : "now",
      "whiteSpace" : false
    }, {
      "id" : "s1-t4",
      "begin" : 60,
      "end" : 62,
      "text" : "to",
      "whiteSpace" : false
    }, {
      "id" : "s1-t5",
      "begin" : 63,
      "end" : 66,
      "text" : "get",
      "whiteSpace" : false
    }, {
      "id" : "s1-t6",
      "begin" : 67,
      "end" : 71,
      "text" : "Gear",
      "whiteSpace" : false
    }, {
      "id" : "s1-t7",
      "begin" : 72,
      "end" : 78,
      "text" : "IconX@",
      "whiteSpace" : false
    }, {
      "id" : "s1-t8",
      "begin" : 78,
      "end" : 80,
      "text" : "50",
      "whiteSpace" : false
    }, {
      "id" : "s1-t9",
      "begin" : 80,
      "end" : 81,
      "text" : "%",
      "whiteSpace" : false
    }, {
      "id" : "s1-t10",
      "begin" : 82,
      "end" : 90,
      "text" : "discount",
      "whiteSpace" : false
    }, {
      "id" : "s1-t11",
      "begin" : 90,
      "end" : 91,
      "text" : ",",
      "whiteSpace" : false
    }, {
      "id" : "s1-t12",
      "begin" : 92,
      "end" : 94,
      "text" : "10",
      "whiteSpace" : false
    }, {
      "id" : "s1-t13",
      "begin" : 94,
      "end" : 95,
      "text" : "%",
      "whiteSpace" : false
    }, {
      "id" : "s1-t14",
      "begin" : 96,
      "end" : 104,
      "text" : "CASHBACK",
      "whiteSpace" : false
    }, {
      "id" : "s1-t15",
      "begin" : 105,
      "end" : 106,
      "text" : "&",
      "whiteSpace" : false
    }, {
      "id" : "s1-t16",
      "begin" : 107,
      "end" : 111,
      "text" : "more",
      "whiteSpace" : false
    }, {
      "id" : "s1-t17",
      "begin" : 111,
      "end" : 112,
      "text" : ".",
      "whiteSpace" : false
    } ]
  }, {
    "id" : "s2",
    "begin" : 113,
    "end" : 155,
    "text" : "Click resu.io/VD9ZGAJQFxg to know.TnCapply",
    "tokens" : [ {
      "id" : "s2-t0",
      "begin" : 113,
      "end" : 118,
      "text" : "Click",
      "whiteSpace" : false
    }, {
      "id" : "s2-t1",
      "begin" : 119,
      "end" : 138,
      "text" : "resu.io/VD9ZGAJQFxg",
      "whiteSpace" : false
    }, {
      "id" : "s2-t2",
      "begin" : 139,
      "end" : 141,
      "text" : "to",
      "whiteSpace" : false
    }, {
      "id" : "s2-t3",
      "begin" : 142,
      "end" : 155,
      "text" : "know.TnCapply",
      "whiteSpace" : false
    } ]
  } ],
  "mentions" : [ {
    "id" : "s1-m2",
    "properties" : {
      "SIRE_MENTION_ROLE" : "Offer",
      "SIRE_ENTITY_SUBTYPE" : "NONE",
      "SIRE_MENTION_TYPE" : "NONE",
      "SIRE_MENTION_CLASS" : "SPC"
    },
    "type" : "Offer",
    "begin" : 63,
    "end" : 90,
    "inCoref" : false
  }, {
    "id" : "s1-m3",
    "properties" : {
      "SIRE_MENTION_ROLE" : "Offer",
      "SIRE_ENTITY_SUBTYPE" : "NONE",
      "SIRE_MENTION_TYPE" : "NONE",
      "SIRE_MENTION_CLASS" : "SPC"
    },
    "type" : "Offer",
    "begin" : 92,
    "end" : 111,
    "inCoref" : false
  }, {
    "id" : "s2-m1",
    "properties" : {
      "SIRE_MENTION_ROLE" : "Merchant_Website_Link",
      "SIRE_ENTITY_SUBTYPE" : "NONE",
      "SIRE_MENTION_TYPE" : "NONE",
      "SIRE_MENTION_CLASS" : "SPC"
    },
    "type" : "Merchant_Website_Link",
    "begin" : 113,
    "end" : 138,
    "inCoref" : false
  }, {
    "id" : "s2-m2",
    "properties" : {
      "SIRE_MENTION_ROLE" : "Term_and_Conditions",
      "SIRE_ENTITY_SUBTYPE" : "NONE",
      "SIRE_MENTION_TYPE" : "NONE",
      "SIRE_MENTION_CLASS" : "SPC"
    },
    "type" : "Term_and_Conditions",
    "begin" : 142,
    "end" : 155,
    "inCoref" : false
  } ],
  "relations" : [ ],
  "corefs" : [ ],
  "typeResolved" : true,
  "userResolved" : false
}