{
  "id" : "136c3910-33bb-11e7-af8c-913213ef63b4-0",
  "name" : "msg_3.txt",
  "version" : 3,
  "text" : "DUNKIN DONUTS is now open at Girgaum Chowpatty. Walk-in and enjoy the Valentaine SPL offer on your favorite Donuts. Buy 3 & Get 3 FREE. Valid till 15 Feb 2017. T&C\n",
  "docLength" : 0,
  "language" : "EN",
  "status" : "SUBMITTED",
  "modifiedDate" : 1494226851124,
  "documentSet" : [ ],
  "preannotation" : [ ],
  "sentences" : [ {
    "id" : "s0",
    "begin" : 0,
    "end" : 47,
    "text" : "DUNKIN DONUTS is now open at Girgaum Chowpatty.",
    "tokens" : [ {
      "id" : "s0-t0",
      "begin" : 0,
      "end" : 6,
      "text" : "DUNKIN",
      "whiteSpace" : false
    }, {
      "id" : "s0-t1",
      "begin" : 7,
      "end" : 13,
      "text" : "DONUTS",
      "whiteSpace" : false
    }, {
      "id" : "s0-t2",
      "begin" : 14,
      "end" : 16,
      "text" : "is",
      "whiteSpace" : false
    }, {
      "id" : "s0-t3",
      "begin" : 17,
      "end" : 20,
      "text" : "now",
      "whiteSpace" : false
    }, {
      "id" : "s0-t4",
      "begin" : 21,
      "end" : 25,
      "text" : "open",
      "whiteSpace" : false
    }, {
      "id" : "s0-t5",
      "begin" : 26,
      "end" : 28,
      "text" : "at",
      "whiteSpace" : false
    }, {
      "id" : "s0-t6",
      "begin" : 29,
      "end" : 36,
      "text" : "Girgaum",
      "whiteSpace" : false
    }, {
      "id" : "s0-t7",
      "begin" : 37,
      "end" : 46,
      "text" : "Chowpatty",
      "whiteSpace" : false
    }, {
      "id" : "s0-t8",
      "begin" : 46,
      "end" : 47,
      "text" : ".",
      "whiteSpace" : false
    } ]
  }, {
    "id" : "s1",
    "begin" : 48,
    "end" : 115,
    "text" : "Walk-in and enjoy the Valentaine SPL offer on your favorite Donuts.",
    "tokens" : [ {
      "id" : "s1-t0",
      "begin" : 48,
      "end" : 55,
      "text" : "Walk-in",
      "whiteSpace" : false
    }, {
      "id" : "s1-t1",
      "begin" : 56,
      "end" : 59,
      "text" : "and",
      "whiteSpace" : false
    }, {
      "id" : "s1-t2",
      "begin" : 60,
      "end" : 65,
      "text" : "enjoy",
      "whiteSpace" : false
    }, {
      "id" : "s1-t3",
      "begin" : 66,
      "end" : 69,
      "text" : "the",
      "whiteSpace" : false
    }, {
      "id" : "s1-t4",
      "begin" : 70,
      "end" : 80,
      "text" : "Valentaine",
      "whiteSpace" : false
    }, {
      "id" : "s1-t5",
      "begin" : 81,
      "end" : 84,
      "text" : "SPL",
      "whiteSpace" : false
    }, {
      "id" : "s1-t6",
      "begin" : 85,
      "end" : 90,
      "text" : "offer",
      "whiteSpace" : false
    }, {
      "id" : "s1-t7",
      "begin" : 91,
      "end" : 93,
      "text" : "on",
      "whiteSpace" : false
    }, {
      "id" : "s1-t8",
      "begin" : 94,
      "end" : 98,
      "text" : "your",
      "whiteSpace" : false
    }, {
      "id" : "s1-t9",
      "begin" : 99,
      "end" : 107,
      "text" : "favorite",
      "whiteSpace" : false
    }, {
      "id" : "s1-t10",
      "begin" : 108,
      "end" : 114,
      "text" : "Donuts",
      "whiteSpace" : false
    }, {
      "id" : "s1-t11",
      "begin" : 114,
      "end" : 115,
      "text" : ".",
      "whiteSpace" : false
    } ]
  }, {
    "id" : "s2",
    "begin" : 116,
    "end" : 135,
    "text" : "Buy 3 & Get 3 FREE.",
    "tokens" : [ {
      "id" : "s2-t0",
      "begin" : 116,
      "end" : 119,
      "text" : "Buy",
      "whiteSpace" : false
    }, {
      "id" : "s2-t1",
      "begin" : 120,
      "end" : 121,
      "text" : "3",
      "whiteSpace" : false
    }, {
      "id" : "s2-t2",
      "begin" : 122,
      "end" : 123,
      "text" : "&",
      "whiteSpace" : false
    }, {
      "id" : "s2-t3",
      "begin" : 124,
      "end" : 127,
      "text" : "Get",
      "whiteSpace" : false
    }, {
      "id" : "s2-t4",
      "begin" : 128,
      "end" : 129,
      "text" : "3",
      "whiteSpace" : false
    }, {
      "id" : "s2-t5",
      "begin" : 130,
      "end" : 134,
      "text" : "FREE",
      "whiteSpace" : false
    }, {
      "id" : "s2-t6",
      "begin" : 134,
      "end" : 135,
      "text" : ".",
      "whiteSpace" : false
    } ]
  }, {
    "id" : "s3",
    "begin" : 136,
    "end" : 159,
    "text" : "Valid till 15 Feb 2017.",
    "tokens" : [ {
      "id" : "s3-t0",
      "begin" : 136,
      "end" : 141,
      "text" : "Valid",
      "whiteSpace" : false
    }, {
      "id" : "s3-t1",
      "begin" : 142,
      "end" : 146,
      "text" : "till",
      "whiteSpace" : false
    }, {
      "id" : "s3-t2",
      "begin" : 147,
      "end" : 149,
      "text" : "15",
      "whiteSpace" : false
    }, {
      "id" : "s3-t3",
      "begin" : 150,
      "end" : 153,
      "text" : "Feb",
      "whiteSpace" : false
    }, {
      "id" : "s3-t4",
      "begin" : 154,
      "end" : 158,
      "text" : "2017",
      "whiteSpace" : false
    }, {
      "id" : "s3-t5",
      "begin" : 158,
      "end" : 159,
      "text" : ".",
      "whiteSpace" : false
    } ]
  }, {
    "id" : "s4",
    "begin" : 160,
    "end" : 163,
    "text" : "T&C",
    "tokens" : [ {
      "id" : "s4-t0",
      "begin" : 160,
      "end" : 163,
      "text" : "T&C",
      "whiteSpace" : false
    } ]
  } ],
  "mentions" : [ {
    "id" : "s0-m1",
    "properties" : {
      "SIRE_MENTION_ROLE" : "Merchant",
      "SIRE_ENTITY_SUBTYPE" : "NONE",
      "SIRE_MENTION_TYPE" : "NONE",
      "SIRE_MENTION_CLASS" : "SPC"
    },
    "type" : "Merchant",
    "begin" : 0,
    "end" : 13,
    "inCoref" : false
  }, {
    "id" : "s0-m2",
    "properties" : {
      "SIRE_MENTION_ROLE" : "Location",
      "SIRE_ENTITY_SUBTYPE" : "NONE",
      "SIRE_MENTION_TYPE" : "NONE",
      "SIRE_MENTION_CLASS" : "SPC"
    },
    "type" : "Location",
    "begin" : 26,
    "end" : 46,
    "inCoref" : false
  }, {
    "id" : "s1-m1",
    "properties" : {
      "SIRE_MENTION_ROLE" : "Offer",
      "SIRE_ENTITY_SUBTYPE" : "NONE",
      "SIRE_MENTION_TYPE" : "NONE",
      "SIRE_MENTION_CLASS" : "SPC"
    },
    "type" : "Offer",
    "begin" : 70,
    "end" : 90,
    "inCoref" : false
  }, {
    "id" : "s2-m1",
    "properties" : {
      "SIRE_MENTION_ROLE" : "Offer",
      "SIRE_ENTITY_SUBTYPE" : "NONE",
      "SIRE_MENTION_TYPE" : "NONE",
      "SIRE_MENTION_CLASS" : "SPC"
    },
    "type" : "Offer",
    "begin" : 116,
    "end" : 134,
    "inCoref" : false
  }, {
    "id" : "s3-m1",
    "properties" : {
      "SIRE_MENTION_ROLE" : "Offer_Period",
      "SIRE_ENTITY_SUBTYPE" : "NONE",
      "SIRE_MENTION_TYPE" : "NONE",
      "SIRE_MENTION_CLASS" : "SPC"
    },
    "type" : "Offer_Period",
    "begin" : 136,
    "end" : 158,
    "inCoref" : false
  }, {
    "id" : "s4-m1",
    "properties" : {
      "SIRE_MENTION_ROLE" : "Term_and_Conditions",
      "SIRE_ENTITY_SUBTYPE" : "NONE",
      "SIRE_MENTION_TYPE" : "NONE",
      "SIRE_MENTION_CLASS" : "SPC"
    },
    "type" : "Term_and_Conditions",
    "begin" : 160,
    "end" : 163,
    "inCoref" : false
  } ],
  "relations" : [ ],
  "corefs" : [ ],
  "typeResolved" : true,
  "userResolved" : false
}