{
  "id" : "14884be0-3b18-11e7-ad72-7562f83cdcc0-3",
  "name" : "msg_34.txt",
  "version" : 3,
  "text" : "Little Referral coupon - 25% off on your order. Max Rs. 75 off. credited to your account. More details @ http://littleapp.in/mycoupons\n",
  "docLength" : 0,
  "language" : "EN",
  "status" : "SUBMITTED",
  "modifiedDate" : 1495082754457,
  "documentSet" : [ ],
  "preannotation" : [ "PRE_LW" ],
  "sentences" : [ {
    "id" : "s0",
    "begin" : 0,
    "end" : 47,
    "text" : "Little Referral coupon - 25% off on your order.",
    "tokens" : [ {
      "id" : "s0-t0",
      "begin" : 0,
      "end" : 6,
      "text" : "Little",
      "whiteSpace" : false
    }, {
      "id" : "s0-t1",
      "begin" : 7,
      "end" : 15,
      "text" : "Referral",
      "whiteSpace" : false
    }, {
      "id" : "s0-t2",
      "begin" : 16,
      "end" : 22,
      "text" : "coupon",
      "whiteSpace" : false
    }, {
      "id" : "s0-t3",
      "begin" : 23,
      "end" : 24,
      "text" : "-",
      "whiteSpace" : false
    }, {
      "id" : "s0-t4",
      "begin" : 25,
      "end" : 27,
      "text" : "25",
      "whiteSpace" : false
    }, {
      "id" : "s0-t5",
      "begin" : 27,
      "end" : 28,
      "text" : "%",
      "whiteSpace" : false
    }, {
      "id" : "s0-t6",
      "begin" : 29,
      "end" : 32,
      "text" : "off",
      "whiteSpace" : false
    }, {
      "id" : "s0-t7",
      "begin" : 33,
      "end" : 35,
      "text" : "on",
      "whiteSpace" : false
    }, {
      "id" : "s0-t8",
      "begin" : 36,
      "end" : 40,
      "text" : "your",
      "whiteSpace" : false
    }, {
      "id" : "s0-t9",
      "begin" : 41,
      "end" : 46,
      "text" : "order",
      "whiteSpace" : false
    }, {
      "id" : "s0-t10",
      "begin" : 46,
      "end" : 47,
      "text" : ".",
      "whiteSpace" : false
    } ]
  }, {
    "id" : "s1",
    "begin" : 48,
    "end" : 63,
    "text" : "Max Rs. 75 off.",
    "tokens" : [ {
      "id" : "s1-t0",
      "begin" : 48,
      "end" : 51,
      "text" : "Max",
      "whiteSpace" : false
    }, {
      "id" : "s1-t1",
      "begin" : 52,
      "end" : 55,
      "text" : "Rs.",
      "whiteSpace" : false
    }, {
      "id" : "s1-t2",
      "begin" : 56,
      "end" : 58,
      "text" : "75",
      "whiteSpace" : false
    }, {
      "id" : "s1-t3",
      "begin" : 59,
      "end" : 62,
      "text" : "off",
      "whiteSpace" : false
    }, {
      "id" : "s1-t4",
      "begin" : 62,
      "end" : 63,
      "text" : ".",
      "whiteSpace" : false
    } ]
  }, {
    "id" : "s2",
    "begin" : 64,
    "end" : 89,
    "text" : "credited to your account.",
    "tokens" : [ {
      "id" : "s2-t0",
      "begin" : 64,
      "end" : 72,
      "text" : "credited",
      "whiteSpace" : false
    }, {
      "id" : "s2-t1",
      "begin" : 73,
      "end" : 75,
      "text" : "to",
      "whiteSpace" : false
    }, {
      "id" : "s2-t2",
      "begin" : 76,
      "end" : 80,
      "text" : "your",
      "whiteSpace" : false
    }, {
      "id" : "s2-t3",
      "begin" : 81,
      "end" : 88,
      "text" : "account",
      "whiteSpace" : false
    }, {
      "id" : "s2-t4",
      "begin" : 88,
      "end" : 89,
      "text" : ".",
      "whiteSpace" : false
    } ]
  }, {
    "id" : "s3",
    "begin" : 90,
    "end" : 134,
    "text" : "More details @ http://littleapp.in/mycoupons",
    "tokens" : [ {
      "id" : "s3-t0",
      "begin" : 90,
      "end" : 94,
      "text" : "More",
      "whiteSpace" : false
    }, {
      "id" : "s3-t1",
      "begin" : 95,
      "end" : 102,
      "text" : "details",
      "whiteSpace" : false
    }, {
      "id" : "s3-t2",
      "begin" : 103,
      "end" : 104,
      "text" : "@",
      "whiteSpace" : false
    }, {
      "id" : "s3-t3",
      "begin" : 105,
      "end" : 134,
      "text" : "http://littleapp.in/mycoupons",
      "whiteSpace" : false
    } ]
  } ],
  "mentions" : [ {
    "id" : "s0-m1",
    "properties" : {
      "SIRE_MENTION_ROLE" : "Coupon",
      "SIRE_ENTITY_SUBTYPE" : "NONE",
      "SIRE_MENTION_TYPE" : "NONE",
      "SIRE_MENTION_CLASS" : "SPC"
    },
    "type" : "Coupon",
    "begin" : 16,
    "end" : 22,
    "inCoref" : false
  }, {
    "id" : "s0-m2",
    "properties" : {
      "SIRE_MENTION_ROLE" : "Offer",
      "SIRE_ENTITY_SUBTYPE" : "NONE",
      "SIRE_MENTION_TYPE" : "NONE",
      "SIRE_MENTION_CLASS" : "SPC"
    },
    "type" : "Offer",
    "begin" : 25,
    "end" : 32,
    "inCoref" : false
  }, {
    "id" : "s1-m1",
    "properties" : {
      "SIRE_MENTION_ROLE" : "Offer",
      "SIRE_ENTITY_SUBTYPE" : "NONE",
      "SIRE_MENTION_TYPE" : "NONE",
      "SIRE_MENTION_CLASS" : "SPC"
    },
    "type" : "Offer",
    "begin" : 48,
    "end" : 62,
    "inCoref" : false
  }, {
    "id" : "s3-m1",
    "properties" : {
      "SIRE_MENTION_ROLE" : "Merchant_Website_Link",
      "SIRE_ENTITY_SUBTYPE" : "NONE",
      "SIRE_MENTION_TYPE" : "NONE",
      "SIRE_MENTION_CLASS" : "SPC"
    },
    "type" : "Merchant_Website_Link",
    "begin" : 105,
    "end" : 134,
    "inCoref" : false
  } ],
  "relations" : [ ],
  "corefs" : [ ],
  "typeResolved" : true,
  "userResolved" : false
}