{
  "id" : "5435d170-3174-11e7-af8c-913213ef63b4-1",
  "name" : "msg_4.txt",
  "version" : 3,
  "text" : "Hi! Get Rs.25 cashback on mobile recharge of min. Rs.100 with Pockets, Use Code RECHARGE25, Valid up to 3 recharges till 31-Mar-17, Dtls at goo.gl/zn0vu3 ,T&C.",
  "docLength" : 0,
  "language" : "EN",
  "status" : "SUBMITTED",
  "modifiedDate" : 1493980236642,
  "documentSet" : [ ],
  "preannotation" : [ ],
  "sentences" : [ {
    "id" : "s0",
    "begin" : 0,
    "end" : 3,
    "text" : "Hi!",
    "tokens" : [ {
      "id" : "s0-t0",
      "begin" : 0,
      "end" : 2,
      "text" : "Hi",
      "whiteSpace" : false
    }, {
      "id" : "s0-t1",
      "begin" : 2,
      "end" : 3,
      "text" : "!",
      "whiteSpace" : false
    } ]
  }, {
    "id" : "s1",
    "begin" : 4,
    "end" : 49,
    "text" : "Get Rs.25 cashback on mobile recharge of min.",
    "tokens" : [ {
      "id" : "s1-t0",
      "begin" : 4,
      "end" : 7,
      "text" : "Get",
      "whiteSpace" : false
    }, {
      "id" : "s1-t1",
      "begin" : 8,
      "end" : 13,
      "text" : "Rs.25",
      "whiteSpace" : false
    }, {
      "id" : "s1-t2",
      "begin" : 14,
      "end" : 22,
      "text" : "cashback",
      "whiteSpace" : false
    }, {
      "id" : "s1-t3",
      "begin" : 23,
      "end" : 25,
      "text" : "on",
      "whiteSpace" : false
    }, {
      "id" : "s1-t4",
      "begin" : 26,
      "end" : 32,
      "text" : "mobile",
      "whiteSpace" : false
    }, {
      "id" : "s1-t5",
      "begin" : 33,
      "end" : 41,
      "text" : "recharge",
      "whiteSpace" : false
    }, {
      "id" : "s1-t6",
      "begin" : 42,
      "end" : 44,
      "text" : "of",
      "whiteSpace" : false
    }, {
      "id" : "s1-t7",
      "begin" : 45,
      "end" : 48,
      "text" : "min",
      "whiteSpace" : false
    }, {
      "id" : "s1-t8",
      "begin" : 48,
      "end" : 49,
      "text" : ".",
      "whiteSpace" : false
    } ]
  }, {
    "id" : "s2",
    "begin" : 50,
    "end" : 159,
    "text" : "Rs.100 with Pockets, Use Code RECHARGE25, Valid up to 3 recharges till 31-Mar-17, Dtls at goo.gl/zn0vu3 ,T&C.",
    "tokens" : [ {
      "id" : "s2-t0",
      "begin" : 50,
      "end" : 56,
      "text" : "Rs.100",
      "whiteSpace" : false
    }, {
      "id" : "s2-t1",
      "begin" : 57,
      "end" : 61,
      "text" : "with",
      "whiteSpace" : false
    }, {
      "id" : "s2-t2",
      "begin" : 62,
      "end" : 69,
      "text" : "Pockets",
      "whiteSpace" : false
    }, {
      "id" : "s2-t3",
      "begin" : 69,
      "end" : 70,
      "text" : ",",
      "whiteSpace" : false
    }, {
      "id" : "s2-t4",
      "begin" : 71,
      "end" : 74,
      "text" : "Use",
      "whiteSpace" : false
    }, {
      "id" : "s2-t5",
      "begin" : 75,
      "end" : 79,
      "text" : "Code",
      "whiteSpace" : false
    }, {
      "id" : "s2-t6",
      "begin" : 80,
      "end" : 90,
      "text" : "RECHARGE25",
      "whiteSpace" : false
    }, {
      "id" : "s2-t7",
      "begin" : 90,
      "end" : 91,
      "text" : ",",
      "whiteSpace" : false
    }, {
      "id" : "s2-t8",
      "begin" : 92,
      "end" : 97,
      "text" : "Valid",
      "whiteSpace" : false
    }, {
      "id" : "s2-t9",
      "begin" : 98,
      "end" : 100,
      "text" : "up",
      "whiteSpace" : false
    }, {
      "id" : "s2-t10",
      "begin" : 101,
      "end" : 103,
      "text" : "to",
      "whiteSpace" : false
    }, {
      "id" : "s2-t11",
      "begin" : 104,
      "end" : 105,
      "text" : "3",
      "whiteSpace" : false
    }, {
      "id" : "s2-t12",
      "begin" : 106,
      "end" : 115,
      "text" : "recharges",
      "whiteSpace" : false
    }, {
      "id" : "s2-t13",
      "begin" : 116,
      "end" : 120,
      "text" : "till",
      "whiteSpace" : false
    }, {
      "id" : "s2-t14",
      "begin" : 121,
      "end" : 130,
      "text" : "31-Mar-17",
      "whiteSpace" : false
    }, {
      "id" : "s2-t15",
      "begin" : 130,
      "end" : 131,
      "text" : ",",
      "whiteSpace" : false
    }, {
      "id" : "s2-t16",
      "begin" : 132,
      "end" : 136,
      "text" : "Dtls",
      "whiteSpace" : false
    }, {
      "id" : "s2-t17",
      "begin" : 137,
      "end" : 139,
      "text" : "at",
      "whiteSpace" : false
    }, {
      "id" : "s2-t18",
      "begin" : 140,
      "end" : 153,
      "text" : "goo.gl/zn0vu3",
      "whiteSpace" : false
    }, {
      "id" : "s2-t19",
      "begin" : 154,
      "end" : 159,
      "text" : ",T&C.",
      "whiteSpace" : false
    } ]
  } ],
  "mentions" : [ {
    "id" : "s1-m4",
    "properties" : {
      "SIRE_MENTION_ROLE" : "Offer",
      "SIRE_ENTITY_SUBTYPE" : "NONE",
      "SIRE_MENTION_TYPE" : "NONE",
      "SIRE_MENTION_CLASS" : "SPC"
    },
    "type" : "Offer",
    "begin" : 4,
    "end" : 41,
    "inCoref" : false
  }, {
    "id" : "s2-m1",
    "properties" : {
      "SIRE_MENTION_ROLE" : "Term_and_Conditions",
      "SIRE_ENTITY_SUBTYPE" : "NONE",
      "SIRE_MENTION_TYPE" : "NONE",
      "SIRE_MENTION_CLASS" : "SPC"
    },
    "type" : "Term_and_Conditions",
    "begin" : 50,
    "end" : 69,
    "inCoref" : false
  }, {
    "id" : "s2-m2",
    "properties" : {
      "SIRE_MENTION_ROLE" : "Coupon",
      "SIRE_ENTITY_SUBTYPE" : "NONE",
      "SIRE_MENTION_TYPE" : "NONE",
      "SIRE_MENTION_CLASS" : "SPC"
    },
    "type" : "Coupon",
    "begin" : 75,
    "end" : 79,
    "inCoref" : false
  }, {
    "id" : "s2-m5",
    "properties" : {
      "SIRE_MENTION_ROLE" : "Coupon_Code",
      "SIRE_ENTITY_SUBTYPE" : "NONE",
      "SIRE_MENTION_TYPE" : "NONE",
      "SIRE_MENTION_CLASS" : "SPC"
    },
    "type" : "Coupon_Code",
    "begin" : 80,
    "end" : 90,
    "inCoref" : false
  }, {
    "id" : "s2-m7",
    "properties" : {
      "SIRE_MENTION_ROLE" : "Term_and_Conditions",
      "SIRE_ENTITY_SUBTYPE" : "NONE",
      "SIRE_MENTION_TYPE" : "NONE",
      "SIRE_MENTION_CLASS" : "SPC"
    },
    "type" : "Term_and_Conditions",
    "begin" : 92,
    "end" : 115,
    "inCoref" : false
  }, {
    "id" : "s2-m8",
    "properties" : {
      "SIRE_MENTION_ROLE" : "Offer_Period",
      "SIRE_ENTITY_SUBTYPE" : "NONE",
      "SIRE_MENTION_TYPE" : "NONE",
      "SIRE_MENTION_CLASS" : "SPC"
    },
    "type" : "Offer_Period",
    "begin" : 116,
    "end" : 130,
    "inCoref" : false
  }, {
    "id" : "s2-m9",
    "properties" : {
      "SIRE_MENTION_ROLE" : "Merchant_Website_Link",
      "SIRE_ENTITY_SUBTYPE" : "NONE",
      "SIRE_MENTION_TYPE" : "NONE",
      "SIRE_MENTION_CLASS" : "SPC"
    },
    "type" : "Merchant_Website_Link",
    "begin" : 132,
    "end" : 153,
    "inCoref" : false
  }, {
    "id" : "s2-m10",
    "properties" : {
      "SIRE_MENTION_ROLE" : "Term_and_Conditions",
      "SIRE_ENTITY_SUBTYPE" : "NONE",
      "SIRE_MENTION_TYPE" : "NONE",
      "SIRE_MENTION_CLASS" : "SPC"
    },
    "type" : "Term_and_Conditions",
    "begin" : 154,
    "end" : 159,
    "inCoref" : false
  } ],
  "relations" : [ ],
  "corefs" : [ ],
  "typeResolved" : true,
  "userResolved" : false
}