{
  "id" : "5435d170-3174-11e7-af8c-913213ef63b4-2",
  "name" : "msg_9.txt",
  "version" : 3,
  "text" : "Now enjoy data services as per home rate while Roaming on Aircel networks only, While Roaming on other networks you'll be charged 10p/10KB, If you have subscribed to any pack, the discounted rate will be applicable.",
  "docLength" : 0,
  "language" : "EN",
  "status" : "SUBMITTED",
  "modifiedDate" : 1493976135687,
  "documentSet" : [ ],
  "preannotation" : [ ],
  "sentences" : [ {
    "id" : "s0",
    "begin" : 0,
    "end" : 215,
    "text" : "Now enjoy data services as per home rate while Roaming on Aircel networks only, While Roaming on other networks you'll be charged 10p/10KB, If you have subscribed to any pack, the discounted rate will be applicable.",
    "tokens" : [ {
      "id" : "s0-t0",
      "begin" : 0,
      "end" : 3,
      "text" : "Now",
      "whiteSpace" : false
    }, {
      "id" : "s0-t1",
      "begin" : 4,
      "end" : 9,
      "text" : "enjoy",
      "whiteSpace" : false
    }, {
      "id" : "s0-t2",
      "begin" : 10,
      "end" : 14,
      "text" : "data",
      "whiteSpace" : false
    }, {
      "id" : "s0-t3",
      "begin" : 15,
      "end" : 23,
      "text" : "services",
      "whiteSpace" : false
    }, {
      "id" : "s0-t4",
      "begin" : 24,
      "end" : 26,
      "text" : "as",
      "whiteSpace" : false
    }, {
      "id" : "s0-t5",
      "begin" : 27,
      "end" : 30,
      "text" : "per",
      "whiteSpace" : false
    }, {
      "id" : "s0-t6",
      "begin" : 31,
      "end" : 35,
      "text" : "home",
      "whiteSpace" : false
    }, {
      "id" : "s0-t7",
      "begin" : 36,
      "end" : 40,
      "text" : "rate",
      "whiteSpace" : false
    }, {
      "id" : "s0-t8",
      "begin" : 41,
      "end" : 46,
      "text" : "while",
      "whiteSpace" : false
    }, {
      "id" : "s0-t9",
      "begin" : 47,
      "end" : 54,
      "text" : "Roaming",
      "whiteSpace" : false
    }, {
      "id" : "s0-t10",
      "begin" : 55,
      "end" : 57,
      "text" : "on",
      "whiteSpace" : false
    }, {
      "id" : "s0-t11",
      "begin" : 58,
      "end" : 64,
      "text" : "Aircel",
      "whiteSpace" : false
    }, {
      "id" : "s0-t12",
      "begin" : 65,
      "end" : 73,
      "text" : "networks",
      "whiteSpace" : false
    }, {
      "id" : "s0-t13",
      "begin" : 74,
      "end" : 78,
      "text" : "only",
      "whiteSpace" : false
    }, {
      "id" : "s0-t14",
      "begin" : 78,
      "end" : 79,
      "text" : ",",
      "whiteSpace" : false
    }, {
      "id" : "s0-t15",
      "begin" : 80,
      "end" : 85,
      "text" : "While",
      "whiteSpace" : false
    }, {
      "id" : "s0-t16",
      "begin" : 86,
      "end" : 93,
      "text" : "Roaming",
      "whiteSpace" : false
    }, {
      "id" : "s0-t17",
      "begin" : 94,
      "end" : 96,
      "text" : "on",
      "whiteSpace" : false
    }, {
      "id" : "s0-t18",
      "begin" : 97,
      "end" : 102,
      "text" : "other",
      "whiteSpace" : false
    }, {
      "id" : "s0-t19",
      "begin" : 103,
      "end" : 111,
      "text" : "networks",
      "whiteSpace" : false
    }, {
      "id" : "s0-t20",
      "begin" : 112,
      "end" : 115,
      "text" : "you",
      "whiteSpace" : false
    }, {
      "id" : "s0-t21",
      "begin" : 115,
      "end" : 118,
      "text" : "'ll",
      "whiteSpace" : false
    }, {
      "id" : "s0-t22",
      "begin" : 119,
      "end" : 121,
      "text" : "be",
      "whiteSpace" : false
    }, {
      "id" : "s0-t23",
      "begin" : 122,
      "end" : 129,
      "text" : "charged",
      "whiteSpace" : false
    }, {
      "id" : "s0-t24",
      "begin" : 130,
      "end" : 138,
      "text" : "10p/10KB",
      "whiteSpace" : false
    }, {
      "id" : "s0-t25",
      "begin" : 138,
      "end" : 139,
      "text" : ",",
      "whiteSpace" : false
    }, {
      "id" : "s0-t26",
      "begin" : 140,
      "end" : 142,
      "text" : "If",
      "whiteSpace" : false
    }, {
      "id" : "s0-t27",
      "begin" : 143,
      "end" : 146,
      "text" : "you",
      "whiteSpace" : false
    }, {
      "id" : "s0-t28",
      "begin" : 147,
      "end" : 151,
      "text" : "have",
      "whiteSpace" : false
    }, {
      "id" : "s0-t29",
      "begin" : 152,
      "end" : 162,
      "text" : "subscribed",
      "whiteSpace" : false
    }, {
      "id" : "s0-t30",
      "begin" : 163,
      "end" : 165,
      "text" : "to",
      "whiteSpace" : false
    }, {
      "id" : "s0-t31",
      "begin" : 166,
      "end" : 169,
      "text" : "any",
      "whiteSpace" : false
    }, {
      "id" : "s0-t32",
      "begin" : 170,
      "end" : 174,
      "text" : "pack",
      "whiteSpace" : false
    }, {
      "id" : "s0-t33",
      "begin" : 174,
      "end" : 175,
      "text" : ",",
      "whiteSpace" : false
    }, {
      "id" : "s0-t34",
      "begin" : 176,
      "end" : 179,
      "text" : "the",
      "whiteSpace" : false
    }, {
      "id" : "s0-t35",
      "begin" : 180,
      "end" : 190,
      "text" : "discounted",
      "whiteSpace" : false
    }, {
      "id" : "s0-t36",
      "begin" : 191,
      "end" : 195,
      "text" : "rate",
      "whiteSpace" : false
    }, {
      "id" : "s0-t37",
      "begin" : 196,
      "end" : 200,
      "text" : "will",
      "whiteSpace" : false
    }, {
      "id" : "s0-t38",
      "begin" : 201,
      "end" : 203,
      "text" : "be",
      "whiteSpace" : false
    }, {
      "id" : "s0-t39",
      "begin" : 204,
      "end" : 214,
      "text" : "applicable",
      "whiteSpace" : false
    }, {
      "id" : "s0-t40",
      "begin" : 214,
      "end" : 215,
      "text" : ".",
      "whiteSpace" : false
    } ]
  } ],
  "mentions" : [ ],
  "relations" : [ ],
  "corefs" : [ ],
  "typeResolved" : true,
  "userResolved" : false
}