{
  "id" : "5435d170-3174-11e7-af8c-913213ef63b4-0",
  "name" : "msg_10.txt",
  "version" : 3,
  "text" : "AIRCEL welcomes you to Chennai! Dial *121*909# to Enjoy free IC, Local OG  at 1.3p/sec & STD OG at 1.9p/sec, Local SMS 25p & STD SMS 38p while Roaming on Aircel only, Your current Tariff (without  Opt-In) or On any other network, IC at 45p/min, Local OG 80p/min, STD OG Rs. 1.15/min, Local SMS 25p & STD SMS 38p, If you have subscribed to any pack, the discounted rate will be applicable, For queries call 121",
  "docLength" : 0,
  "language" : "EN",
  "status" : "SUBMITTED",
  "modifiedDate" : 1493976135687,
  "documentSet" : [ ],
  "preannotation" : [ ],
  "sentences" : [ {
    "id" : "s0",
    "begin" : 0,
    "end" : 31,
    "text" : "AIRCEL welcomes you to Chennai!",
    "tokens" : [ {
      "id" : "s0-t0",
      "begin" : 0,
      "end" : 6,
      "text" : "AIRCEL",
      "whiteSpace" : false
    }, {
      "id" : "s0-t1",
      "begin" : 7,
      "end" : 15,
      "text" : "welcomes",
      "whiteSpace" : false
    }, {
      "id" : "s0-t2",
      "begin" : 16,
      "end" : 19,
      "text" : "you",
      "whiteSpace" : false
    }, {
      "id" : "s0-t3",
      "begin" : 20,
      "end" : 22,
      "text" : "to",
      "whiteSpace" : false
    }, {
      "id" : "s0-t4",
      "begin" : 23,
      "end" : 30,
      "text" : "Chennai",
      "whiteSpace" : false
    }, {
      "id" : "s0-t5",
      "begin" : 30,
      "end" : 31,
      "text" : "!",
      "whiteSpace" : false
    } ]
  }, {
    "id" : "s1",
    "begin" : 32,
    "end" : 409,
    "text" : "Dial *121*909# to Enjoy free IC, Local OG  at 1.3p/sec & STD OG at 1.9p/sec, Local SMS 25p & STD SMS 38p while Roaming on Aircel only, Your current Tariff (without  Opt-In) or On any other network, IC at 45p/min, Local OG 80p/min, STD OG Rs. 1.15/min, Local SMS 25p & STD SMS 38p, If you have subscribed to any pack, the discounted rate will be applicable, For queries call 121",
    "tokens" : [ {
      "id" : "s1-t0",
      "begin" : 32,
      "end" : 36,
      "text" : "Dial",
      "whiteSpace" : false
    }, {
      "id" : "s1-t1",
      "begin" : 37,
      "end" : 38,
      "text" : "*",
      "whiteSpace" : false
    }, {
      "id" : "s1-t2",
      "begin" : 38,
      "end" : 41,
      "text" : "121",
      "whiteSpace" : false
    }, {
      "id" : "s1-t3",
      "begin" : 41,
      "end" : 45,
      "text" : "*909",
      "whiteSpace" : false
    }, {
      "id" : "s1-t4",
      "begin" : 45,
      "end" : 46,
      "text" : "#",
      "whiteSpace" : false
    }, {
      "id" : "s1-t5",
      "begin" : 47,
      "end" : 49,
      "text" : "to",
      "whiteSpace" : false
    }, {
      "id" : "s1-t6",
      "begin" : 50,
      "end" : 55,
      "text" : "Enjoy",
      "whiteSpace" : false
    }, {
      "id" : "s1-t7",
      "begin" : 56,
      "end" : 60,
      "text" : "free",
      "whiteSpace" : false
    }, {
      "id" : "s1-t8",
      "begin" : 61,
      "end" : 63,
      "text" : "IC",
      "whiteSpace" : false
    }, {
      "id" : "s1-t9",
      "begin" : 63,
      "end" : 64,
      "text" : ",",
      "whiteSpace" : false
    }, {
      "id" : "s1-t10",
      "begin" : 65,
      "end" : 70,
      "text" : "Local",
      "whiteSpace" : false
    }, {
      "id" : "s1-t11",
      "begin" : 71,
      "end" : 73,
      "text" : "OG",
      "whiteSpace" : false
    }, {
      "id" : "s1-t12",
      "begin" : 75,
      "end" : 77,
      "text" : "at",
      "whiteSpace" : false
    }, {
      "id" : "s1-t13",
      "begin" : 78,
      "end" : 82,
      "text" : "1.3p",
      "whiteSpace" : false
    }, {
      "id" : "s1-t14",
      "begin" : 82,
      "end" : 83,
      "text" : "/",
      "whiteSpace" : false
    }, {
      "id" : "s1-t15",
      "begin" : 83,
      "end" : 86,
      "text" : "sec",
      "whiteSpace" : false
    }, {
      "id" : "s1-t16",
      "begin" : 87,
      "end" : 88,
      "text" : "&",
      "whiteSpace" : false
    }, {
      "id" : "s1-t17",
      "begin" : 89,
      "end" : 92,
      "text" : "STD",
      "whiteSpace" : false
    }, {
      "id" : "s1-t18",
      "begin" : 93,
      "end" : 95,
      "text" : "OG",
      "whiteSpace" : false
    }, {
      "id" : "s1-t19",
      "begin" : 96,
      "end" : 98,
      "text" : "at",
      "whiteSpace" : false
    }, {
      "id" : "s1-t20",
      "begin" : 99,
      "end" : 107,
      "text" : "1.9p/sec",
      "whiteSpace" : false
    }, {
      "id" : "s1-t21",
      "begin" : 107,
      "end" : 108,
      "text" : ",",
      "whiteSpace" : false
    }, {
      "id" : "s1-t22",
      "begin" : 109,
      "end" : 114,
      "text" : "Local",
      "whiteSpace" : false
    }, {
      "id" : "s1-t23",
      "begin" : 115,
      "end" : 118,
      "text" : "SMS",
      "whiteSpace" : false
    }, {
      "id" : "s1-t24",
      "begin" : 119,
      "end" : 122,
      "text" : "25p",
      "whiteSpace" : false
    }, {
      "id" : "s1-t25",
      "begin" : 123,
      "end" : 124,
      "text" : "&",
      "whiteSpace" : false
    }, {
      "id" : "s1-t26",
      "begin" : 125,
      "end" : 128,
      "text" : "STD",
      "whiteSpace" : false
    }, {
      "id" : "s1-t27",
      "begin" : 129,
      "end" : 132,
      "text" : "SMS",
      "whiteSpace" : false
    }, {
      "id" : "s1-t28",
      "begin" : 133,
      "end" : 136,
      "text" : "38p",
      "whiteSpace" : false
    }, {
      "id" : "s1-t29",
      "begin" : 137,
      "end" : 142,
      "text" : "while",
      "whiteSpace" : false
    }, {
      "id" : "s1-t30",
      "begin" : 143,
      "end" : 150,
      "text" : "Roaming",
      "whiteSpace" : false
    }, {
      "id" : "s1-t31",
      "begin" : 151,
      "end" : 153,
      "text" : "on",
      "whiteSpace" : false
    }, {
      "id" : "s1-t32",
      "begin" : 154,
      "end" : 160,
      "text" : "Aircel",
      "whiteSpace" : false
    }, {
      "id" : "s1-t33",
      "begin" : 161,
      "end" : 165,
      "text" : "only",
      "whiteSpace" : false
    }, {
      "id" : "s1-t34",
      "begin" : 165,
      "end" : 166,
      "text" : ",",
      "whiteSpace" : false
    }, {
      "id" : "s1-t35",
      "begin" : 167,
      "end" : 171,
      "text" : "Your",
      "whiteSpace" : false
    }, {
      "id" : "s1-t36",
      "begin" : 172,
      "end" : 179,
      "text" : "current",
      "whiteSpace" : false
    }, {
      "id" : "s1-t37",
      "begin" : 180,
      "end" : 186,
      "text" : "Tariff",
      "whiteSpace" : false
    }, {
      "id" : "s1-t38",
      "begin" : 187,
      "end" : 188,
      "text" : "(",
      "whiteSpace" : false
    }, {
      "id" : "s1-t39",
      "begin" : 188,
      "end" : 195,
      "text" : "without",
      "whiteSpace" : false
    }, {
      "id" : "s1-t40",
      "begin" : 197,
      "end" : 200,
      "text" : "Opt",
      "whiteSpace" : false
    }, {
      "id" : "s1-t41",
      "begin" : 200,
      "end" : 201,
      "text" : "-",
      "whiteSpace" : false
    }, {
      "id" : "s1-t42",
      "begin" : 201,
      "end" : 203,
      "text" : "In",
      "whiteSpace" : false
    }, {
      "id" : "s1-t43",
      "begin" : 203,
      "end" : 204,
      "text" : ")",
      "whiteSpace" : false
    }, {
      "id" : "s1-t44",
      "begin" : 205,
      "end" : 207,
      "text" : "or",
      "whiteSpace" : false
    }, {
      "id" : "s1-t45",
      "begin" : 208,
      "end" : 210,
      "text" : "On",
      "whiteSpace" : false
    }, {
      "id" : "s1-t46",
      "begin" : 211,
      "end" : 214,
      "text" : "any",
      "whiteSpace" : false
    }, {
      "id" : "s1-t47",
      "begin" : 215,
      "end" : 220,
      "text" : "other",
      "whiteSpace" : false
    }, {
      "id" : "s1-t48",
      "begin" : 221,
      "end" : 228,
      "text" : "network",
      "whiteSpace" : false
    }, {
      "id" : "s1-t49",
      "begin" : 228,
      "end" : 229,
      "text" : ",",
      "whiteSpace" : false
    }, {
      "id" : "s1-t50",
      "begin" : 230,
      "end" : 232,
      "text" : "IC",
      "whiteSpace" : false
    }, {
      "id" : "s1-t51",
      "begin" : 233,
      "end" : 235,
      "text" : "at",
      "whiteSpace" : false
    }, {
      "id" : "s1-t52",
      "begin" : 236,
      "end" : 243,
      "text" : "45p/min",
      "whiteSpace" : false
    }, {
      "id" : "s1-t53",
      "begin" : 243,
      "end" : 244,
      "text" : ",",
      "whiteSpace" : false
    }, {
      "id" : "s1-t54",
      "begin" : 245,
      "end" : 250,
      "text" : "Local",
      "whiteSpace" : false
    }, {
      "id" : "s1-t55",
      "begin" : 251,
      "end" : 253,
      "text" : "OG",
      "whiteSpace" : false
    }, {
      "id" : "s1-t56",
      "begin" : 254,
      "end" : 261,
      "text" : "80p/min",
      "whiteSpace" : false
    }, {
      "id" : "s1-t57",
      "begin" : 261,
      "end" : 262,
      "text" : ",",
      "whiteSpace" : false
    }, {
      "id" : "s1-t58",
      "begin" : 263,
      "end" : 266,
      "text" : "STD",
      "whiteSpace" : false
    }, {
      "id" : "s1-t59",
      "begin" : 267,
      "end" : 269,
      "text" : "OG",
      "whiteSpace" : false
    }, {
      "id" : "s1-t60",
      "begin" : 270,
      "end" : 273,
      "text" : "Rs.",
      "whiteSpace" : false
    }, {
      "id" : "s1-t61",
      "begin" : 274,
      "end" : 278,
      "text" : "1.15",
      "whiteSpace" : false
    }, {
      "id" : "s1-t62",
      "begin" : 278,
      "end" : 282,
      "text" : "/min",
      "whiteSpace" : false
    }, {
      "id" : "s1-t63",
      "begin" : 282,
      "end" : 283,
      "text" : ",",
      "whiteSpace" : false
    }, {
      "id" : "s1-t64",
      "begin" : 284,
      "end" : 289,
      "text" : "Local",
      "whiteSpace" : false
    }, {
      "id" : "s1-t65",
      "begin" : 290,
      "end" : 293,
      "text" : "SMS",
      "whiteSpace" : false
    }, {
      "id" : "s1-t66",
      "begin" : 294,
      "end" : 297,
      "text" : "25p",
      "whiteSpace" : false
    }, {
      "id" : "s1-t67",
      "begin" : 298,
      "end" : 299,
      "text" : "&",
      "whiteSpace" : false
    }, {
      "id" : "s1-t68",
      "begin" : 300,
      "end" : 303,
      "text" : "STD",
      "whiteSpace" : false
    }, {
      "id" : "s1-t69",
      "begin" : 304,
      "end" : 307,
      "text" : "SMS",
      "whiteSpace" : false
    }, {
      "id" : "s1-t70",
      "begin" : 308,
      "end" : 311,
      "text" : "38p",
      "whiteSpace" : false
    }, {
      "id" : "s1-t71",
      "begin" : 311,
      "end" : 312,
      "text" : ",",
      "whiteSpace" : false
    }, {
      "id" : "s1-t72",
      "begin" : 313,
      "end" : 315,
      "text" : "If",
      "whiteSpace" : false
    }, {
      "id" : "s1-t73",
      "begin" : 316,
      "end" : 319,
      "text" : "you",
      "whiteSpace" : false
    }, {
      "id" : "s1-t74",
      "begin" : 320,
      "end" : 324,
      "text" : "have",
      "whiteSpace" : false
    }, {
      "id" : "s1-t75",
      "begin" : 325,
      "end" : 335,
      "text" : "subscribed",
      "whiteSpace" : false
    }, {
      "id" : "s1-t76",
      "begin" : 336,
      "end" : 338,
      "text" : "to",
      "whiteSpace" : false
    }, {
      "id" : "s1-t77",
      "begin" : 339,
      "end" : 342,
      "text" : "any",
      "whiteSpace" : false
    }, {
      "id" : "s1-t78",
      "begin" : 343,
      "end" : 347,
      "text" : "pack",
      "whiteSpace" : false
    }, {
      "id" : "s1-t79",
      "begin" : 347,
      "end" : 348,
      "text" : ",",
      "whiteSpace" : false
    }, {
      "id" : "s1-t80",
      "begin" : 349,
      "end" : 352,
      "text" : "the",
      "whiteSpace" : false
    }, {
      "id" : "s1-t81",
      "begin" : 353,
      "end" : 363,
      "text" : "discounted",
      "whiteSpace" : false
    }, {
      "id" : "s1-t82",
      "begin" : 364,
      "end" : 368,
      "text" : "rate",
      "whiteSpace" : false
    }, {
      "id" : "s1-t83",
      "begin" : 369,
      "end" : 373,
      "text" : "will",
      "whiteSpace" : false
    }, {
      "id" : "s1-t84",
      "begin" : 374,
      "end" : 376,
      "text" : "be",
      "whiteSpace" : false
    }, {
      "id" : "s1-t85",
      "begin" : 377,
      "end" : 387,
      "text" : "applicable",
      "whiteSpace" : false
    }, {
      "id" : "s1-t86",
      "begin" : 387,
      "end" : 388,
      "text" : ",",
      "whiteSpace" : false
    }, {
      "id" : "s1-t87",
      "begin" : 389,
      "end" : 392,
      "text" : "For",
      "whiteSpace" : false
    }, {
      "id" : "s1-t88",
      "begin" : 393,
      "end" : 400,
      "text" : "queries",
      "whiteSpace" : false
    }, {
      "id" : "s1-t89",
      "begin" : 401,
      "end" : 405,
      "text" : "call",
      "whiteSpace" : false
    }, {
      "id" : "s1-t90",
      "begin" : 406,
      "end" : 409,
      "text" : "121",
      "whiteSpace" : false
    } ]
  } ],
  "mentions" : [ ],
  "relations" : [ ],
  "corefs" : [ ],
  "typeResolved" : true,
  "userResolved" : false
}