{
  "id" : "81e88880-33ca-11e7-943b-4531a56e9650-2",
  "name" : "msg_18.txt",
  "version" : 3,
  "text" : "Your favourite Pizza Hut at RK Salai, is Now Open with a New Look. Walk-in and get 30% discount on your bill. Valid today and tomorrow *T&C\n",
  "docLength" : 0,
  "language" : "EN",
  "status" : "SUBMITTED",
  "modifiedDate" : 1494233357933,
  "documentSet" : [ ],
  "preannotation" : [ ],
  "sentences" : [ {
    "id" : "s0",
    "begin" : 0,
    "end" : 66,
    "text" : "Your favourite Pizza Hut at RK Salai, is Now Open with a New Look.",
    "tokens" : [ {
      "id" : "s0-t0",
      "begin" : 0,
      "end" : 4,
      "text" : "Your",
      "whiteSpace" : false
    }, {
      "id" : "s0-t1",
      "begin" : 5,
      "end" : 14,
      "text" : "favourite",
      "whiteSpace" : false
    }, {
      "id" : "s0-t2",
      "begin" : 15,
      "end" : 20,
      "text" : "Pizza",
      "whiteSpace" : false
    }, {
      "id" : "s0-t3",
      "begin" : 21,
      "end" : 24,
      "text" : "Hut",
      "whiteSpace" : false
    }, {
      "id" : "s0-t4",
      "begin" : 25,
      "end" : 27,
      "text" : "at",
      "whiteSpace" : false
    }, {
      "id" : "s0-t5",
      "begin" : 28,
      "end" : 30,
      "text" : "RK",
      "whiteSpace" : false
    }, {
      "id" : "s0-t6",
      "begin" : 31,
      "end" : 36,
      "text" : "Salai",
      "whiteSpace" : false
    }, {
      "id" : "s0-t7",
      "begin" : 36,
      "end" : 37,
      "text" : ",",
      "whiteSpace" : false
    }, {
      "id" : "s0-t8",
      "begin" : 38,
      "end" : 40,
      "text" : "is",
      "whiteSpace" : false
    }, {
      "id" : "s0-t9",
      "begin" : 41,
      "end" : 44,
      "text" : "Now",
      "whiteSpace" : false
    }, {
      "id" : "s0-t10",
      "begin" : 45,
      "end" : 49,
      "text" : "Open",
      "whiteSpace" : false
    }, {
      "id" : "s0-t11",
      "begin" : 50,
      "end" : 54,
      "text" : "with",
      "whiteSpace" : false
    }, {
      "id" : "s0-t12",
      "begin" : 55,
      "end" : 56,
      "text" : "a",
      "whiteSpace" : false
    }, {
      "id" : "s0-t13",
      "begin" : 57,
      "end" : 60,
      "text" : "New",
      "whiteSpace" : false
    }, {
      "id" : "s0-t14",
      "begin" : 61,
      "end" : 65,
      "text" : "Look",
      "whiteSpace" : false
    }, {
      "id" : "s0-t15",
      "begin" : 65,
      "end" : 66,
      "text" : ".",
      "whiteSpace" : false
    } ]
  }, {
    "id" : "s1",
    "begin" : 67,
    "end" : 109,
    "text" : "Walk-in and get 30% discount on your bill.",
    "tokens" : [ {
      "id" : "s1-t0",
      "begin" : 67,
      "end" : 74,
      "text" : "Walk-in",
      "whiteSpace" : false
    }, {
      "id" : "s1-t1",
      "begin" : 75,
      "end" : 78,
      "text" : "and",
      "whiteSpace" : false
    }, {
      "id" : "s1-t2",
      "begin" : 79,
      "end" : 82,
      "text" : "get",
      "whiteSpace" : false
    }, {
      "id" : "s1-t3",
      "begin" : 83,
      "end" : 85,
      "text" : "30",
      "whiteSpace" : false
    }, {
      "id" : "s1-t4",
      "begin" : 85,
      "end" : 86,
      "text" : "%",
      "whiteSpace" : false
    }, {
      "id" : "s1-t5",
      "begin" : 87,
      "end" : 95,
      "text" : "discount",
      "whiteSpace" : false
    }, {
      "id" : "s1-t6",
      "begin" : 96,
      "end" : 98,
      "text" : "on",
      "whiteSpace" : false
    }, {
      "id" : "s1-t7",
      "begin" : 99,
      "end" : 103,
      "text" : "your",
      "whiteSpace" : false
    }, {
      "id" : "s1-t8",
      "begin" : 104,
      "end" : 108,
      "text" : "bill",
      "whiteSpace" : false
    }, {
      "id" : "s1-t9",
      "begin" : 108,
      "end" : 109,
      "text" : ".",
      "whiteSpace" : false
    } ]
  }, {
    "id" : "s2",
    "begin" : 110,
    "end" : 139,
    "text" : "Valid today and tomorrow *T&C",
    "tokens" : [ {
      "id" : "s2-t0",
      "begin" : 110,
      "end" : 115,
      "text" : "Valid",
      "whiteSpace" : false
    }, {
      "id" : "s2-t1",
      "begin" : 116,
      "end" : 121,
      "text" : "today",
      "whiteSpace" : false
    }, {
      "id" : "s2-t2",
      "begin" : 122,
      "end" : 125,
      "text" : "and",
      "whiteSpace" : false
    }, {
      "id" : "s2-t3",
      "begin" : 126,
      "end" : 134,
      "text" : "tomorrow",
      "whiteSpace" : false
    }, {
      "id" : "s2-t4",
      "begin" : 135,
      "end" : 139,
      "text" : "*T&C",
      "whiteSpace" : false
    } ]
  } ],
  "mentions" : [ {
    "id" : "s0-m1",
    "properties" : {
      "SIRE_MENTION_ROLE" : "Merchant",
      "SIRE_ENTITY_SUBTYPE" : "NONE",
      "SIRE_MENTION_TYPE" : "NONE",
      "SIRE_MENTION_CLASS" : "SPC"
    },
    "type" : "Merchant",
    "begin" : 15,
    "end" : 24,
    "inCoref" : false
  }, {
    "id" : "s0-m2",
    "properties" : {
      "SIRE_MENTION_ROLE" : "Location",
      "SIRE_ENTITY_SUBTYPE" : "NONE",
      "SIRE_MENTION_TYPE" : "NONE",
      "SIRE_MENTION_CLASS" : "SPC"
    },
    "type" : "Location",
    "begin" : 28,
    "end" : 36,
    "inCoref" : false
  }, {
    "id" : "s1-m1",
    "properties" : {
      "SIRE_MENTION_ROLE" : "Offer",
      "SIRE_ENTITY_SUBTYPE" : "NONE",
      "SIRE_MENTION_TYPE" : "NONE",
      "SIRE_MENTION_CLASS" : "SPC"
    },
    "type" : "Offer",
    "begin" : 67,
    "end" : 108,
    "inCoref" : false
  }, {
    "id" : "s2-m1",
    "properties" : {
      "SIRE_MENTION_ROLE" : "Offer_Period",
      "SIRE_ENTITY_SUBTYPE" : "NONE",
      "SIRE_MENTION_TYPE" : "NONE",
      "SIRE_MENTION_CLASS" : "SPC"
    },
    "type" : "Offer_Period",
    "begin" : 110,
    "end" : 134,
    "inCoref" : false
  }, {
    "id" : "s2-m2",
    "properties" : {
      "SIRE_MENTION_ROLE" : "Term_and_Conditions",
      "SIRE_ENTITY_SUBTYPE" : "NONE",
      "SIRE_MENTION_TYPE" : "NONE",
      "SIRE_MENTION_CLASS" : "SPC"
    },
    "type" : "Term_and_Conditions",
    "begin" : 135,
    "end" : 139,
    "inCoref" : false
  } ],
  "relations" : [ ],
  "corefs" : [ ],
  "typeResolved" : true,
  "userResolved" : false
}