{
  "id" : "e72533b0-3aeb-11e7-a175-bfedd1b801d9-8",
  "name" : "msg_29.txt",
  "version" : 3,
  "text" : "Get 15% CashBack* @BigBasket on spends above Rs.1000 every Thursday this Feb. Download: app.payzapp.in Use Promo Code GROC15 @PayZapp check out page *T&C\n",
  "docLength" : 0,
  "language" : "EN",
  "status" : "SUBMITTED",
  "modifiedDate" : 1495020675429,
  "documentSet" : [ ],
  "preannotation" : [ ],
  "sentences" : [ {
    "id" : "s0",
    "begin" : 0,
    "end" : 153,
    "text" : "Get 15% CashBack* @BigBasket on spends above Rs.1000 every Thursday this Feb. Download: app.payzapp.in Use Promo Code GROC15 @PayZapp check out page *T&C",
    "tokens" : [ {
      "id" : "s0-t0",
      "begin" : 0,
      "end" : 3,
      "text" : "Get",
      "whiteSpace" : false
    }, {
      "id" : "s0-t1",
      "begin" : 4,
      "end" : 6,
      "text" : "15",
      "whiteSpace" : false
    }, {
      "id" : "s0-t2",
      "begin" : 6,
      "end" : 7,
      "text" : "%",
      "whiteSpace" : false
    }, {
      "id" : "s0-t3",
      "begin" : 8,
      "end" : 16,
      "text" : "CashBack",
      "whiteSpace" : false
    }, {
      "id" : "s0-t4",
      "begin" : 16,
      "end" : 17,
      "text" : "*",
      "whiteSpace" : false
    }, {
      "id" : "s0-t5",
      "begin" : 18,
      "end" : 28,
      "text" : "@BigBasket",
      "whiteSpace" : false
    }, {
      "id" : "s0-t6",
      "begin" : 29,
      "end" : 31,
      "text" : "on",
      "whiteSpace" : false
    }, {
      "id" : "s0-t7",
      "begin" : 32,
      "end" : 38,
      "text" : "spends",
      "whiteSpace" : false
    }, {
      "id" : "s0-t8",
      "begin" : 39,
      "end" : 44,
      "text" : "above",
      "whiteSpace" : false
    }, {
      "id" : "s0-t9",
      "begin" : 45,
      "end" : 52,
      "text" : "Rs.1000",
      "whiteSpace" : false
    }, {
      "id" : "s0-t10",
      "begin" : 53,
      "end" : 58,
      "text" : "every",
      "whiteSpace" : false
    }, {
      "id" : "s0-t11",
      "begin" : 59,
      "end" : 67,
      "text" : "Thursday",
      "whiteSpace" : false
    }, {
      "id" : "s0-t12",
      "begin" : 68,
      "end" : 72,
      "text" : "this",
      "whiteSpace" : false
    }, {
      "id" : "s0-t13",
      "begin" : 73,
      "end" : 77,
      "text" : "Feb.",
      "whiteSpace" : false
    }, {
      "id" : "s0-t14",
      "begin" : 78,
      "end" : 86,
      "text" : "Download",
      "whiteSpace" : false
    }, {
      "id" : "s0-t15",
      "begin" : 86,
      "end" : 87,
      "text" : ":",
      "whiteSpace" : false
    }, {
      "id" : "s0-t16",
      "begin" : 88,
      "end" : 102,
      "text" : "app.payzapp.in",
      "whiteSpace" : false
    }, {
      "id" : "s0-t17",
      "begin" : 103,
      "end" : 106,
      "text" : "Use",
      "whiteSpace" : false
    }, {
      "id" : "s0-t18",
      "begin" : 107,
      "end" : 112,
      "text" : "Promo",
      "whiteSpace" : false
    }, {
      "id" : "s0-t19",
      "begin" : 113,
      "end" : 117,
      "text" : "Code",
      "whiteSpace" : false
    }, {
      "id" : "s0-t20",
      "begin" : 118,
      "end" : 124,
      "text" : "GROC15",
      "whiteSpace" : false
    }, {
      "id" : "s0-t21",
      "begin" : 125,
      "end" : 133,
      "text" : "@PayZapp",
      "whiteSpace" : false
    }, {
      "id" : "s0-t22",
      "begin" : 134,
      "end" : 139,
      "text" : "check",
      "whiteSpace" : false
    }, {
      "id" : "s0-t23",
      "begin" : 140,
      "end" : 143,
      "text" : "out",
      "whiteSpace" : false
    }, {
      "id" : "s0-t24",
      "begin" : 144,
      "end" : 148,
      "text" : "page",
      "whiteSpace" : false
    }, {
      "id" : "s0-t25",
      "begin" : 149,
      "end" : 153,
      "text" : "*T&C",
      "whiteSpace" : false
    } ]
  } ],
  "mentions" : [ {
    "id" : "s0-m1",
    "properties" : {
      "SIRE_MENTION_ROLE" : "Offer",
      "SIRE_ENTITY_SUBTYPE" : "NONE",
      "SIRE_MENTION_TYPE" : "NONE",
      "SIRE_MENTION_CLASS" : "SPC"
    },
    "type" : "Offer",
    "begin" : 0,
    "end" : 17,
    "inCoref" : false
  }, {
    "id" : "s0-m2",
    "properties" : {
      "SIRE_MENTION_ROLE" : "Merchant",
      "SIRE_ENTITY_SUBTYPE" : "NONE",
      "SIRE_MENTION_TYPE" : "NONE",
      "SIRE_MENTION_CLASS" : "SPC"
    },
    "type" : "Merchant",
    "begin" : 18,
    "end" : 28,
    "inCoref" : false
  }, {
    "id" : "s0-m3",
    "properties" : {
      "SIRE_MENTION_ROLE" : "Term_and_Conditions",
      "SIRE_ENTITY_SUBTYPE" : "NONE",
      "SIRE_MENTION_TYPE" : "NONE",
      "SIRE_MENTION_CLASS" : "SPC"
    },
    "type" : "Term_and_Conditions",
    "begin" : 32,
    "end" : 77,
    "inCoref" : false
  }, {
    "id" : "s0-m4",
    "properties" : {
      "SIRE_MENTION_ROLE" : "Merchant_Website_Link",
      "SIRE_ENTITY_SUBTYPE" : "NONE",
      "SIRE_MENTION_TYPE" : "NONE",
      "SIRE_MENTION_CLASS" : "SPC"
    },
    "type" : "Merchant_Website_Link",
    "begin" : 88,
    "end" : 102,
    "inCoref" : false
  }, {
    "id" : "s0-m5",
    "properties" : {
      "SIRE_MENTION_ROLE" : "Coupon",
      "SIRE_ENTITY_SUBTYPE" : "NONE",
      "SIRE_MENTION_TYPE" : "NONE",
      "SIRE_MENTION_CLASS" : "SPC"
    },
    "type" : "Coupon",
    "begin" : 107,
    "end" : 117,
    "inCoref" : false
  }, {
    "id" : "s0-m6",
    "properties" : {
      "SIRE_MENTION_ROLE" : "Coupon_Code",
      "SIRE_ENTITY_SUBTYPE" : "NONE",
      "SIRE_MENTION_TYPE" : "NONE",
      "SIRE_MENTION_CLASS" : "SPC"
    },
    "type" : "Coupon_Code",
    "begin" : 118,
    "end" : 124,
    "inCoref" : false
  }, {
    "id" : "s0-m7",
    "properties" : {
      "SIRE_MENTION_ROLE" : "Merchant",
      "SIRE_ENTITY_SUBTYPE" : "NONE",
      "SIRE_MENTION_TYPE" : "NONE",
      "SIRE_MENTION_CLASS" : "SPC"
    },
    "type" : "Merchant",
    "begin" : 125,
    "end" : 133,
    "inCoref" : false
  }, {
    "id" : "s0-m8",
    "properties" : {
      "SIRE_MENTION_ROLE" : "Term_and_Conditions",
      "SIRE_ENTITY_SUBTYPE" : "NONE",
      "SIRE_MENTION_TYPE" : "NONE",
      "SIRE_MENTION_CLASS" : "SPC"
    },
    "type" : "Term_and_Conditions",
    "begin" : 149,
    "end" : 153,
    "inCoref" : false
  } ],
  "relations" : [ {
    "id" : "s0-r4",
    "properties" : { },
    "type" : "MerchanthasWebsiteLink",
    "args" : [ "s0-m7", "s0-m4" ]
  }, {
    "id" : "s0-r5",
    "properties" : { },
    "type" : "CouponhasCode",
    "args" : [ "s0-m5", "s0-m6" ]
  } ],
  "corefs" : [ ],
  "typeResolved" : true,
  "userResolved" : false
}