{
  "id" : "e72533b0-3aeb-11e7-a175-bfedd1b801d9-1",
  "name" : "msg_22.txt",
  "version" : 3,
  "text" : "Get 1+1 on booking Cinepolis Cinemas tickets on Paytm. Use code: LOVEFEB to avail the offer. Max. Cashback* Rs.500. Click http://m.p-y.tm/mcn. *T&C apply\n",
  "docLength" : 0,
  "language" : "EN",
  "status" : "SUBMITTED",
  "modifiedDate" : 1495017679631,
  "documentSet" : [ ],
  "preannotation" : [ ],
  "sentences" : [ {
    "id" : "s0",
    "begin" : 0,
    "end" : 54,
    "text" : "Get 1+1 on booking Cinepolis Cinemas tickets on Paytm.",
    "tokens" : [ {
      "id" : "s0-t0",
      "begin" : 0,
      "end" : 3,
      "text" : "Get",
      "whiteSpace" : false
    }, {
      "id" : "s0-t1",
      "begin" : 4,
      "end" : 5,
      "text" : "1",
      "whiteSpace" : false
    }, {
      "id" : "s0-t2",
      "begin" : 5,
      "end" : 6,
      "text" : "+",
      "whiteSpace" : false
    }, {
      "id" : "s0-t3",
      "begin" : 6,
      "end" : 7,
      "text" : "1",
      "whiteSpace" : false
    }, {
      "id" : "s0-t4",
      "begin" : 8,
      "end" : 10,
      "text" : "on",
      "whiteSpace" : false
    }, {
      "id" : "s0-t5",
      "begin" : 11,
      "end" : 18,
      "text" : "booking",
      "whiteSpace" : false
    }, {
      "id" : "s0-t6",
      "begin" : 19,
      "end" : 28,
      "text" : "Cinepolis",
      "whiteSpace" : false
    }, {
      "id" : "s0-t7",
      "begin" : 29,
      "end" : 36,
      "text" : "Cinemas",
      "whiteSpace" : false
    }, {
      "id" : "s0-t8",
      "begin" : 37,
      "end" : 44,
      "text" : "tickets",
      "whiteSpace" : false
    }, {
      "id" : "s0-t9",
      "begin" : 45,
      "end" : 47,
      "text" : "on",
      "whiteSpace" : false
    }, {
      "id" : "s0-t10",
      "begin" : 48,
      "end" : 53,
      "text" : "Paytm",
      "whiteSpace" : false
    }, {
      "id" : "s0-t11",
      "begin" : 53,
      "end" : 54,
      "text" : ".",
      "whiteSpace" : false
    } ]
  }, {
    "id" : "s1",
    "begin" : 55,
    "end" : 92,
    "text" : "Use code: LOVEFEB to avail the offer.",
    "tokens" : [ {
      "id" : "s1-t0",
      "begin" : 55,
      "end" : 58,
      "text" : "Use",
      "whiteSpace" : false
    }, {
      "id" : "s1-t1",
      "begin" : 59,
      "end" : 63,
      "text" : "code",
      "whiteSpace" : false
    }, {
      "id" : "s1-t2",
      "begin" : 63,
      "end" : 64,
      "text" : ":",
      "whiteSpace" : false
    }, {
      "id" : "s1-t3",
      "begin" : 65,
      "end" : 72,
      "text" : "LOVEFEB",
      "whiteSpace" : false
    }, {
      "id" : "s1-t4",
      "begin" : 73,
      "end" : 75,
      "text" : "to",
      "whiteSpace" : false
    }, {
      "id" : "s1-t5",
      "begin" : 76,
      "end" : 81,
      "text" : "avail",
      "whiteSpace" : false
    }, {
      "id" : "s1-t6",
      "begin" : 82,
      "end" : 85,
      "text" : "the",
      "whiteSpace" : false
    }, {
      "id" : "s1-t7",
      "begin" : 86,
      "end" : 91,
      "text" : "offer",
      "whiteSpace" : false
    }, {
      "id" : "s1-t8",
      "begin" : 91,
      "end" : 92,
      "text" : ".",
      "whiteSpace" : false
    } ]
  }, {
    "id" : "s2",
    "begin" : 93,
    "end" : 97,
    "text" : "Max.",
    "tokens" : [ {
      "id" : "s2-t0",
      "begin" : 93,
      "end" : 96,
      "text" : "Max",
      "whiteSpace" : false
    }, {
      "id" : "s2-t1",
      "begin" : 96,
      "end" : 97,
      "text" : ".",
      "whiteSpace" : false
    } ]
  }, {
    "id" : "s3",
    "begin" : 98,
    "end" : 115,
    "text" : "Cashback* Rs.500.",
    "tokens" : [ {
      "id" : "s3-t0",
      "begin" : 98,
      "end" : 106,
      "text" : "Cashback",
      "whiteSpace" : false
    }, {
      "id" : "s3-t1",
      "begin" : 106,
      "end" : 107,
      "text" : "*",
      "whiteSpace" : false
    }, {
      "id" : "s3-t2",
      "begin" : 108,
      "end" : 114,
      "text" : "Rs.500",
      "whiteSpace" : false
    }, {
      "id" : "s3-t3",
      "begin" : 114,
      "end" : 115,
      "text" : ".",
      "whiteSpace" : false
    } ]
  }, {
    "id" : "s4",
    "begin" : 116,
    "end" : 153,
    "text" : "Click http://m.p-y.tm/mcn. *T&C apply",
    "tokens" : [ {
      "id" : "s4-t0",
      "begin" : 116,
      "end" : 121,
      "text" : "Click",
      "whiteSpace" : false
    }, {
      "id" : "s4-t1",
      "begin" : 122,
      "end" : 142,
      "text" : "http://m.p-y.tm/mcn.",
      "whiteSpace" : false
    }, {
      "id" : "s4-t2",
      "begin" : 143,
      "end" : 144,
      "text" : "*",
      "whiteSpace" : false
    }, {
      "id" : "s4-t3",
      "begin" : 144,
      "end" : 147,
      "text" : "T&C",
      "whiteSpace" : false
    }, {
      "id" : "s4-t4",
      "begin" : 148,
      "end" : 153,
      "text" : "apply",
      "whiteSpace" : false
    } ]
  } ],
  "mentions" : [ {
    "id" : "s0-m1",
    "properties" : {
      "SIRE_MENTION_ROLE" : "Offer",
      "SIRE_ENTITY_SUBTYPE" : "NONE",
      "SIRE_MENTION_TYPE" : "NONE",
      "SIRE_MENTION_CLASS" : "SPC"
    },
    "type" : "Offer",
    "begin" : 0,
    "end" : 7,
    "inCoref" : false
  }, {
    "id" : "s0-m2",
    "properties" : {
      "SIRE_MENTION_ROLE" : "Merchant",
      "SIRE_ENTITY_SUBTYPE" : "NONE",
      "SIRE_MENTION_TYPE" : "NONE",
      "SIRE_MENTION_CLASS" : "SPC"
    },
    "type" : "Merchant",
    "begin" : 48,
    "end" : 53,
    "inCoref" : false
  }, {
    "id" : "s1-m1",
    "properties" : {
      "SIRE_MENTION_ROLE" : "Coupon",
      "SIRE_ENTITY_SUBTYPE" : "NONE",
      "SIRE_MENTION_TYPE" : "NONE",
      "SIRE_MENTION_CLASS" : "SPC"
    },
    "type" : "Coupon",
    "begin" : 59,
    "end" : 63,
    "inCoref" : false
  }, {
    "id" : "s1-m2",
    "properties" : {
      "SIRE_MENTION_ROLE" : "Coupon_Code",
      "SIRE_ENTITY_SUBTYPE" : "NONE",
      "SIRE_MENTION_TYPE" : "NONE",
      "SIRE_MENTION_CLASS" : "SPC"
    },
    "type" : "Coupon_Code",
    "begin" : 65,
    "end" : 72,
    "inCoref" : false
  }, {
    "id" : "s3-m1",
    "properties" : {
      "SIRE_MENTION_ROLE" : "Term_and_Conditions",
      "SIRE_ENTITY_SUBTYPE" : "NONE",
      "SIRE_MENTION_TYPE" : "NONE",
      "SIRE_MENTION_CLASS" : "SPC"
    },
    "type" : "Term_and_Conditions",
    "begin" : 98,
    "end" : 114,
    "inCoref" : false
  }, {
    "id" : "s4-m1",
    "properties" : {
      "SIRE_MENTION_ROLE" : "Merchant_Website_Link",
      "SIRE_ENTITY_SUBTYPE" : "NONE",
      "SIRE_MENTION_TYPE" : "NONE",
      "SIRE_MENTION_CLASS" : "SPC"
    },
    "type" : "Merchant_Website_Link",
    "begin" : 116,
    "end" : 142,
    "inCoref" : false
  }, {
    "id" : "s4-m2",
    "properties" : {
      "SIRE_MENTION_ROLE" : "Term_and_Conditions",
      "SIRE_ENTITY_SUBTYPE" : "NONE",
      "SIRE_MENTION_TYPE" : "NONE",
      "SIRE_MENTION_CLASS" : "SPC"
    },
    "type" : "Term_and_Conditions",
    "begin" : 144,
    "end" : 147,
    "inCoref" : false
  } ],
  "relations" : [ ],
  "corefs" : [ ],
  "typeResolved" : true,
  "userResolved" : false
}