{
  "id" : "ea3df680-33c6-11e7-8f65-e56beb7d330f-1",
  "name" : "msg_12.txt",
  "version" : 3,
  "text" : "our store Lifestyle is now online! Shop online at http://goo.gl/lQ3Ufh & get UPTO 50% OFF on top brands - online exclusive. T&C.\n",
  "docLength" : 0,
  "language" : "EN",
  "status" : "SUBMITTED",
  "modifiedDate" : 1494232712453,
  "documentSet" : [ ],
  "preannotation" : [ ],
  "sentences" : [ {
    "id" : "s0",
    "begin" : 0,
    "end" : 34,
    "text" : "our store Lifestyle is now online!",
    "tokens" : [ {
      "id" : "s0-t0",
      "begin" : 0,
      "end" : 3,
      "text" : "our",
      "whiteSpace" : false
    }, {
      "id" : "s0-t1",
      "begin" : 4,
      "end" : 9,
      "text" : "store",
      "whiteSpace" : false
    }, {
      "id" : "s0-t2",
      "begin" : 10,
      "end" : 19,
      "text" : "Lifestyle",
      "whiteSpace" : false
    }, {
      "id" : "s0-t3",
      "begin" : 20,
      "end" : 22,
      "text" : "is",
      "whiteSpace" : false
    }, {
      "id" : "s0-t4",
      "begin" : 23,
      "end" : 26,
      "text" : "now",
      "whiteSpace" : false
    }, {
      "id" : "s0-t5",
      "begin" : 27,
      "end" : 33,
      "text" : "online",
      "whiteSpace" : false
    }, {
      "id" : "s0-t6",
      "begin" : 33,
      "end" : 34,
      "text" : "!",
      "whiteSpace" : false
    } ]
  }, {
    "id" : "s1",
    "begin" : 35,
    "end" : 123,
    "text" : "Shop online at http://goo.gl/lQ3Ufh & get UPTO 50% OFF on top brands - online exclusive.",
    "tokens" : [ {
      "id" : "s1-t0",
      "begin" : 35,
      "end" : 39,
      "text" : "Shop",
      "whiteSpace" : false
    }, {
      "id" : "s1-t1",
      "begin" : 40,
      "end" : 46,
      "text" : "online",
      "whiteSpace" : false
    }, {
      "id" : "s1-t2",
      "begin" : 47,
      "end" : 49,
      "text" : "at",
      "whiteSpace" : false
    }, {
      "id" : "s1-t3",
      "begin" : 50,
      "end" : 70,
      "text" : "http://goo.gl/lQ3Ufh",
      "whiteSpace" : false
    }, {
      "id" : "s1-t4",
      "begin" : 71,
      "end" : 72,
      "text" : "&",
      "whiteSpace" : false
    }, {
      "id" : "s1-t5",
      "begin" : 73,
      "end" : 76,
      "text" : "get",
      "whiteSpace" : false
    }, {
      "id" : "s1-t6",
      "begin" : 77,
      "end" : 81,
      "text" : "UPTO",
      "whiteSpace" : false
    }, {
      "id" : "s1-t7",
      "begin" : 82,
      "end" : 84,
      "text" : "50",
      "whiteSpace" : false
    }, {
      "id" : "s1-t8",
      "begin" : 84,
      "end" : 85,
      "text" : "%",
      "whiteSpace" : false
    }, {
      "id" : "s1-t9",
      "begin" : 86,
      "end" : 89,
      "text" : "OFF",
      "whiteSpace" : false
    }, {
      "id" : "s1-t10",
      "begin" : 90,
      "end" : 92,
      "text" : "on",
      "whiteSpace" : false
    }, {
      "id" : "s1-t11",
      "begin" : 93,
      "end" : 96,
      "text" : "top",
      "whiteSpace" : false
    }, {
      "id" : "s1-t12",
      "begin" : 97,
      "end" : 103,
      "text" : "brands",
      "whiteSpace" : false
    }, {
      "id" : "s1-t13",
      "begin" : 104,
      "end" : 105,
      "text" : "-",
      "whiteSpace" : false
    }, {
      "id" : "s1-t14",
      "begin" : 106,
      "end" : 112,
      "text" : "online",
      "whiteSpace" : false
    }, {
      "id" : "s1-t15",
      "begin" : 113,
      "end" : 122,
      "text" : "exclusive",
      "whiteSpace" : false
    }, {
      "id" : "s1-t16",
      "begin" : 122,
      "end" : 123,
      "text" : ".",
      "whiteSpace" : false
    } ]
  }, {
    "id" : "s2",
    "begin" : 124,
    "end" : 128,
    "text" : "T&C.",
    "tokens" : [ {
      "id" : "s2-t0",
      "begin" : 124,
      "end" : 128,
      "text" : "T&C.",
      "whiteSpace" : false
    } ]
  } ],
  "mentions" : [ {
    "id" : "s0-m1",
    "properties" : {
      "SIRE_MENTION_ROLE" : "Merchant",
      "SIRE_ENTITY_SUBTYPE" : "NONE",
      "SIRE_MENTION_TYPE" : "NONE",
      "SIRE_MENTION_CLASS" : "SPC"
    },
    "type" : "Merchant",
    "begin" : 10,
    "end" : 19,
    "inCoref" : false
  }, {
    "id" : "s1-m2",
    "properties" : {
      "SIRE_MENTION_ROLE" : "Merchant_Website_Link",
      "SIRE_ENTITY_SUBTYPE" : "NONE",
      "SIRE_MENTION_TYPE" : "NONE",
      "SIRE_MENTION_CLASS" : "SPC"
    },
    "type" : "Merchant_Website_Link",
    "begin" : 47,
    "end" : 70,
    "inCoref" : false
  }, {
    "id" : "s1-m3",
    "properties" : {
      "SIRE_MENTION_ROLE" : "Offer",
      "SIRE_ENTITY_SUBTYPE" : "NONE",
      "SIRE_MENTION_TYPE" : "NONE",
      "SIRE_MENTION_CLASS" : "SPC"
    },
    "type" : "Offer",
    "begin" : 73,
    "end" : 103,
    "inCoref" : false
  }, {
    "id" : "s2-m1",
    "properties" : {
      "SIRE_MENTION_ROLE" : "Term_and_Conditions",
      "SIRE_ENTITY_SUBTYPE" : "NONE",
      "SIRE_MENTION_TYPE" : "NONE",
      "SIRE_MENTION_CLASS" : "SPC"
    },
    "type" : "Term_and_Conditions",
    "begin" : 124,
    "end" : 128,
    "inCoref" : false
  } ],
  "relations" : [ ],
  "corefs" : [ ],
  "typeResolved" : true,
  "userResolved" : false
}